No,地域,slug,区分,人口,街の性格,分野,分野slug,推奨URLパス,優先度,判定メモ,枝(目安),状態
1,千代田区,chiyoda,区,68903,オフィス・皇居・文化,高級ホテル・ホテルラウンジ,hotel-lounge,/stories/hotel-lounge/chiyoda/,B,標準,2-3,
2,千代田区,chiyoda,区,68903,オフィス・皇居・文化,温泉旅館・高級旅館,onsen-ryokan,/stories/onsen-ryokan/chiyoda/,D,原則対象外/親統合,0,
3,千代田区,chiyoda,区,68903,オフィス・皇居・文化,貸切ヴィラ・一棟貸しの宿,villa-rental,/stories/villa-rental/chiyoda/,D,原則対象外/親統合,0,
4,千代田区,chiyoda,区,68903,オフィス・皇居・文化,レストラン・ダイニング,restaurant-dining,/stories/restaurant-dining/chiyoda/,C,薄め/様子見,1-2,
5,千代田区,chiyoda,区,68903,オフィス・皇居・文化,カフェ・スペシャルティコーヒー,cafe-specialty-coffee,/stories/cafe-specialty-coffee/chiyoda/,B,標準,2-3,
6,千代田区,chiyoda,区,68903,オフィス・皇居・文化,バー・ウイスキー・カクテル,bar-whiskey,/stories/bar-whiskey/chiyoda/,C,薄め/様子見,1-2,
7,千代田区,chiyoda,区,68903,オフィス・皇居・文化,スパ・サウナ・ウェルネス施設,spa-sauna-wellness,/stories/spa-sauna-wellness/chiyoda/,C,薄め/様子見,1-2,
8,千代田区,chiyoda,区,68903,オフィス・皇居・文化,高級サロン・プライベートサロン,premium-salon,/stories/premium-salon/chiyoda/,C,薄め/様子見,1-2,
9,千代田区,chiyoda,区,68903,オフィス・皇居・文化,コワーキング・シェアオフィス,coworking,/stories/coworking/chiyoda/,B,標準,2-3,
10,千代田区,chiyoda,区,68903,オフィス・皇居・文化,会員制ラウンジ・クラブ,members-lounge,/stories/members-lounge/chiyoda/,C,薄め/様子見,1-2,
11,千代田区,chiyoda,区,68903,オフィス・皇居・文化,山・自然体験・グランピング,nature-glamping,/stories/nature-glamping/chiyoda/,D,都心は対象外/親統合,0,
12,千代田区,chiyoda,区,68903,オフィス・皇居・文化,リトリート・禅体験,retreat-zen,/stories/retreat-zen/chiyoda/,B,標準,2-3,
13,千代田区,chiyoda,区,68903,オフィス・皇居・文化,神社・寺院・パワースポット,shrine-temple,/stories/shrine-temple/chiyoda/,B,標準,2-3,
14,千代田区,chiyoda,区,68903,オフィス・皇居・文化,インバウンド観光・体験施設,inbound-experience,/stories/inbound-experience/chiyoda/,B,標準,2-3,
15,千代田区,chiyoda,区,68903,オフィス・皇居・文化,文化・スポーツ・レジャー施設,culture-sports-leisure,/stories/culture-sports-leisure/chiyoda/,B,標準,2-3,
16,中央区,chuo,区,188986,銀座・商業・老舗,高級ホテル・ホテルラウンジ,hotel-lounge,/stories/hotel-lounge/chuo/,C,薄め/様子見,1-2,
17,中央区,chuo,区,188986,銀座・商業・老舗,温泉旅館・高級旅館,onsen-ryokan,/stories/onsen-ryokan/chuo/,D,原則対象外/親統合,0,
18,中央区,chuo,区,188986,銀座・商業・老舗,貸切ヴィラ・一棟貸しの宿,villa-rental,/stories/villa-rental/chuo/,D,原則対象外/親統合,0,
19,中央区,chuo,区,188986,銀座・商業・老舗,レストラン・ダイニング,restaurant-dining,/stories/restaurant-dining/chuo/,A,主力・最優先,3-5,
20,中央区,chuo,区,188986,銀座・商業・老舗,カフェ・スペシャルティコーヒー,cafe-specialty-coffee,/stories/cafe-specialty-coffee/chuo/,C,薄め/様子見,1-2,
21,中央区,chuo,区,188986,銀座・商業・老舗,バー・ウイスキー・カクテル,bar-whiskey,/stories/bar-whiskey/chuo/,B,標準,2-3,
22,中央区,chuo,区,188986,銀座・商業・老舗,スパ・サウナ・ウェルネス施設,spa-sauna-wellness,/stories/spa-sauna-wellness/chuo/,C,薄め/様子見,1-2,
23,中央区,chuo,区,188986,銀座・商業・老舗,高級サロン・プライベートサロン,premium-salon,/stories/premium-salon/chuo/,C,薄め/様子見,1-2,
24,中央区,chuo,区,188986,銀座・商業・老舗,コワーキング・シェアオフィス,coworking,/stories/coworking/chuo/,C,薄め/様子見,1-2,
25,中央区,chuo,区,188986,銀座・商業・老舗,会員制ラウンジ・クラブ,members-lounge,/stories/members-lounge/chuo/,C,薄め/様子見,1-2,
26,中央区,chuo,区,188986,銀座・商業・老舗,山・自然体験・グランピング,nature-glamping,/stories/nature-glamping/chuo/,D,都心は対象外/親統合,0,
27,中央区,chuo,区,188986,銀座・商業・老舗,リトリート・禅体験,retreat-zen,/stories/retreat-zen/chuo/,C,薄め/様子見,1-2,
28,中央区,chuo,区,188986,銀座・商業・老舗,神社・寺院・パワースポット,shrine-temple,/stories/shrine-temple/chuo/,C,薄め/様子見,1-2,
29,中央区,chuo,区,188986,銀座・商業・老舗,インバウンド観光・体験施設,inbound-experience,/stories/inbound-experience/chuo/,C,薄め/様子見,1-2,
30,中央区,chuo,区,188986,銀座・商業・老舗,文化・スポーツ・レジャー施設,culture-sports-leisure,/stories/culture-sports-leisure/chuo/,B,標準,2-3,
31,港区,minato,区,270588,高級・ビジネス・国際,高級ホテル・ホテルラウンジ,hotel-lounge,/stories/hotel-lounge/minato/,A,主力・最優先,3-5,
32,港区,minato,区,270588,高級・ビジネス・国際,温泉旅館・高級旅館,onsen-ryokan,/stories/onsen-ryokan/minato/,D,原則対象外/親統合,0,
33,港区,minato,区,270588,高級・ビジネス・国際,貸切ヴィラ・一棟貸しの宿,villa-rental,/stories/villa-rental/minato/,D,原則対象外/親統合,0,
34,港区,minato,区,270588,高級・ビジネス・国際,レストラン・ダイニング,restaurant-dining,/stories/restaurant-dining/minato/,A,主力・最優先,3-5,
35,港区,minato,区,270588,高級・ビジネス・国際,カフェ・スペシャルティコーヒー,cafe-specialty-coffee,/stories/cafe-specialty-coffee/minato/,C,薄め/様子見,1-2,
36,港区,minato,区,270588,高級・ビジネス・国際,バー・ウイスキー・カクテル,bar-whiskey,/stories/bar-whiskey/minato/,B,標準,2-3,
37,港区,minato,区,270588,高級・ビジネス・国際,スパ・サウナ・ウェルネス施設,spa-sauna-wellness,/stories/spa-sauna-wellness/minato/,A,主力・最優先,3-5,
38,港区,minato,区,270588,高級・ビジネス・国際,高級サロン・プライベートサロン,premium-salon,/stories/premium-salon/minato/,B,標準,2-3,
39,港区,minato,区,270588,高級・ビジネス・国際,コワーキング・シェアオフィス,coworking,/stories/coworking/minato/,B,標準,2-3,
40,港区,minato,区,270588,高級・ビジネス・国際,会員制ラウンジ・クラブ,members-lounge,/stories/members-lounge/minato/,A,主力・最優先,3-5,
41,港区,minato,区,270588,高級・ビジネス・国際,山・自然体験・グランピング,nature-glamping,/stories/nature-glamping/minato/,D,都心は対象外/親統合,0,
42,港区,minato,区,270588,高級・ビジネス・国際,リトリート・禅体験,retreat-zen,/stories/retreat-zen/minato/,C,薄め/様子見,1-2,
43,港区,minato,区,270588,高級・ビジネス・国際,神社・寺院・パワースポット,shrine-temple,/stories/shrine-temple/minato/,C,薄め/様子見,1-2,
44,港区,minato,区,270588,高級・ビジネス・国際,インバウンド観光・体験施設,inbound-experience,/stories/inbound-experience/minato/,B,標準,2-3,
45,港区,minato,区,270588,高級・ビジネス・国際,文化・スポーツ・レジャー施設,culture-sports-leisure,/stories/culture-sports-leisure/minato/,C,薄め/様子見,1-2,
46,新宿区,shinjuku,区,360787,繁華街・オフィス・多国籍,高級ホテル・ホテルラウンジ,hotel-lounge,/stories/hotel-lounge/shinjuku/,B,標準,2-3,
47,新宿区,shinjuku,区,360787,繁華街・オフィス・多国籍,温泉旅館・高級旅館,onsen-ryokan,/stories/onsen-ryokan/shinjuku/,D,原則対象外/親統合,0,
48,新宿区,shinjuku,区,360787,繁華街・オフィス・多国籍,貸切ヴィラ・一棟貸しの宿,villa-rental,/stories/villa-rental/shinjuku/,D,原則対象外/親統合,0,
49,新宿区,shinjuku,区,360787,繁華街・オフィス・多国籍,レストラン・ダイニング,restaurant-dining,/stories/restaurant-dining/shinjuku/,B,標準,2-3,
50,新宿区,shinjuku,区,360787,繁華街・オフィス・多国籍,カフェ・スペシャルティコーヒー,cafe-specialty-coffee,/stories/cafe-specialty-coffee/shinjuku/,C,薄め/様子見,1-2,
51,新宿区,shinjuku,区,360787,繁華街・オフィス・多国籍,バー・ウイスキー・カクテル,bar-whiskey,/stories/bar-whiskey/shinjuku/,B,標準,2-3,
52,新宿区,shinjuku,区,360787,繁華街・オフィス・多国籍,スパ・サウナ・ウェルネス施設,spa-sauna-wellness,/stories/spa-sauna-wellness/shinjuku/,B,標準,2-3,
53,新宿区,shinjuku,区,360787,繁華街・オフィス・多国籍,高級サロン・プライベートサロン,premium-salon,/stories/premium-salon/shinjuku/,C,薄め/様子見,1-2,
54,新宿区,shinjuku,区,360787,繁華街・オフィス・多国籍,コワーキング・シェアオフィス,coworking,/stories/coworking/shinjuku/,B,標準,2-3,
55,新宿区,shinjuku,区,360787,繁華街・オフィス・多国籍,会員制ラウンジ・クラブ,members-lounge,/stories/members-lounge/shinjuku/,C,薄め/様子見,1-2,
56,新宿区,shinjuku,区,360787,繁華街・オフィス・多国籍,山・自然体験・グランピング,nature-glamping,/stories/nature-glamping/shinjuku/,D,都心は対象外/親統合,0,
57,新宿区,shinjuku,区,360787,繁華街・オフィス・多国籍,リトリート・禅体験,retreat-zen,/stories/retreat-zen/shinjuku/,C,薄め/様子見,1-2,
58,新宿区,shinjuku,区,360787,繁華街・オフィス・多国籍,神社・寺院・パワースポット,shrine-temple,/stories/shrine-temple/shinjuku/,C,薄め/様子見,1-2,
59,新宿区,shinjuku,区,360787,繁華街・オフィス・多国籍,インバウンド観光・体験施設,inbound-experience,/stories/inbound-experience/shinjuku/,C,薄め/様子見,1-2,
60,新宿区,shinjuku,区,360787,繁華街・オフィス・多国籍,文化・スポーツ・レジャー施設,culture-sports-leisure,/stories/culture-sports-leisure/shinjuku/,C,薄め/様子見,1-2,
61,文京区,bunkyo,区,249872,文教・住宅・寺社,高級ホテル・ホテルラウンジ,hotel-lounge,/stories/hotel-lounge/bunkyo/,C,薄め/様子見,1-2,
62,文京区,bunkyo,区,249872,文教・住宅・寺社,温泉旅館・高級旅館,onsen-ryokan,/stories/onsen-ryokan/bunkyo/,D,原則対象外/親統合,0,
63,文京区,bunkyo,区,249872,文教・住宅・寺社,貸切ヴィラ・一棟貸しの宿,villa-rental,/stories/villa-rental/bunkyo/,D,原則対象外/親統合,0,
64,文京区,bunkyo,区,249872,文教・住宅・寺社,レストラン・ダイニング,restaurant-dining,/stories/restaurant-dining/bunkyo/,C,薄め/様子見,1-2,
65,文京区,bunkyo,区,249872,文教・住宅・寺社,カフェ・スペシャルティコーヒー,cafe-specialty-coffee,/stories/cafe-specialty-coffee/bunkyo/,B,標準,2-3,
66,文京区,bunkyo,区,249872,文教・住宅・寺社,バー・ウイスキー・カクテル,bar-whiskey,/stories/bar-whiskey/bunkyo/,C,薄め/様子見,1-2,
67,文京区,bunkyo,区,249872,文教・住宅・寺社,スパ・サウナ・ウェルネス施設,spa-sauna-wellness,/stories/spa-sauna-wellness/bunkyo/,B,標準,2-3,
68,文京区,bunkyo,区,249872,文教・住宅・寺社,高級サロン・プライベートサロン,premium-salon,/stories/premium-salon/bunkyo/,B,標準,2-3,
69,文京区,bunkyo,区,249872,文教・住宅・寺社,コワーキング・シェアオフィス,coworking,/stories/coworking/bunkyo/,C,薄め/様子見,1-2,
70,文京区,bunkyo,区,249872,文教・住宅・寺社,会員制ラウンジ・クラブ,members-lounge,/stories/members-lounge/bunkyo/,C,薄め/様子見,1-2,
71,文京区,bunkyo,区,249872,文教・住宅・寺社,山・自然体験・グランピング,nature-glamping,/stories/nature-glamping/bunkyo/,D,都心は対象外/親統合,0,
72,文京区,bunkyo,区,249872,文教・住宅・寺社,リトリート・禅体験,retreat-zen,/stories/retreat-zen/bunkyo/,A,主力・最優先,3-5,
73,文京区,bunkyo,区,249872,文教・住宅・寺社,神社・寺院・パワースポット,shrine-temple,/stories/shrine-temple/bunkyo/,A,主力・最優先,3-5,
74,文京区,bunkyo,区,249872,文教・住宅・寺社,インバウンド観光・体験施設,inbound-experience,/stories/inbound-experience/bunkyo/,C,薄め/様子見,1-2,
75,文京区,bunkyo,区,249872,文教・住宅・寺社,文化・スポーツ・レジャー施設,culture-sports-leisure,/stories/culture-sports-leisure/bunkyo/,C,薄め/様子見,1-2,
76,台東区,taito,区,225769,下町・浅草・観光,高級ホテル・ホテルラウンジ,hotel-lounge,/stories/hotel-lounge/taito/,B,標準,2-3,
77,台東区,taito,区,225769,下町・浅草・観光,温泉旅館・高級旅館,onsen-ryokan,/stories/onsen-ryokan/taito/,C,限定的/要確認,1-2,
78,台東区,taito,区,225769,下町・浅草・観光,貸切ヴィラ・一棟貸しの宿,villa-rental,/stories/villa-rental/taito/,C,成立余地あり/要実在確認,1-2,
79,台東区,taito,区,225769,下町・浅草・観光,レストラン・ダイニング,restaurant-dining,/stories/restaurant-dining/taito/,C,薄め/様子見,1-2,
80,台東区,taito,区,225769,下町・浅草・観光,カフェ・スペシャルティコーヒー,cafe-specialty-coffee,/stories/cafe-specialty-coffee/taito/,B,標準,2-3,
81,台東区,taito,区,225769,下町・浅草・観光,バー・ウイスキー・カクテル,bar-whiskey,/stories/bar-whiskey/taito/,C,薄め/様子見,1-2,
82,台東区,taito,区,225769,下町・浅草・観光,スパ・サウナ・ウェルネス施設,spa-sauna-wellness,/stories/spa-sauna-wellness/taito/,C,薄め/様子見,1-2,
83,台東区,taito,区,225769,下町・浅草・観光,高級サロン・プライベートサロン,premium-salon,/stories/premium-salon/taito/,C,薄め/様子見,1-2,
84,台東区,taito,区,225769,下町・浅草・観光,コワーキング・シェアオフィス,coworking,/stories/coworking/taito/,C,薄め/様子見,1-2,
85,台東区,taito,区,225769,下町・浅草・観光,会員制ラウンジ・クラブ,members-lounge,/stories/members-lounge/taito/,C,薄め/様子見,1-2,
86,台東区,taito,区,225769,下町・浅草・観光,山・自然体験・グランピング,nature-glamping,/stories/nature-glamping/taito/,D,都心は対象外/親統合,0,
87,台東区,taito,区,225769,下町・浅草・観光,リトリート・禅体験,retreat-zen,/stories/retreat-zen/taito/,C,薄め/様子見,1-2,
88,台東区,taito,区,225769,下町・浅草・観光,神社・寺院・パワースポット,shrine-temple,/stories/shrine-temple/taito/,A,主力・最優先,3-5,
89,台東区,taito,区,225769,下町・浅草・観光,インバウンド観光・体験施設,inbound-experience,/stories/inbound-experience/taito/,A,主力・最優先,3-5,
90,台東区,taito,区,225769,下町・浅草・観光,文化・スポーツ・レジャー施設,culture-sports-leisure,/stories/culture-sports-leisure/taito/,B,標準,2-3,
91,墨田区,sumida,区,285361,下町・スカイツリー・職人,高級ホテル・ホテルラウンジ,hotel-lounge,/stories/hotel-lounge/sumida/,C,薄め/様子見,1-2,
92,墨田区,sumida,区,285361,下町・スカイツリー・職人,温泉旅館・高級旅館,onsen-ryokan,/stories/onsen-ryokan/sumida/,D,原則対象外/親統合,0,
93,墨田区,sumida,区,285361,下町・スカイツリー・職人,貸切ヴィラ・一棟貸しの宿,villa-rental,/stories/villa-rental/sumida/,C,限定的/要確認,1-2,
94,墨田区,sumida,区,285361,下町・スカイツリー・職人,レストラン・ダイニング,restaurant-dining,/stories/restaurant-dining/sumida/,C,薄め/様子見,1-2,
95,墨田区,sumida,区,285361,下町・スカイツリー・職人,カフェ・スペシャルティコーヒー,cafe-specialty-coffee,/stories/cafe-specialty-coffee/sumida/,B,標準,2-3,
96,墨田区,sumida,区,285361,下町・スカイツリー・職人,バー・ウイスキー・カクテル,bar-whiskey,/stories/bar-whiskey/sumida/,C,薄め/様子見,1-2,
97,墨田区,sumida,区,285361,下町・スカイツリー・職人,スパ・サウナ・ウェルネス施設,spa-sauna-wellness,/stories/spa-sauna-wellness/sumida/,C,薄め/様子見,1-2,
98,墨田区,sumida,区,285361,下町・スカイツリー・職人,高級サロン・プライベートサロン,premium-salon,/stories/premium-salon/sumida/,C,薄め/様子見,1-2,
99,墨田区,sumida,区,285361,下町・スカイツリー・職人,コワーキング・シェアオフィス,coworking,/stories/coworking/sumida/,C,薄め/様子見,1-2,
100,墨田区,sumida,区,285361,下町・スカイツリー・職人,会員制ラウンジ・クラブ,members-lounge,/stories/members-lounge/sumida/,C,薄め/様子見,1-2,
101,墨田区,sumida,区,285361,下町・スカイツリー・職人,山・自然体験・グランピング,nature-glamping,/stories/nature-glamping/sumida/,D,都心は対象外/親統合,0,
102,墨田区,sumida,区,285361,下町・スカイツリー・職人,リトリート・禅体験,retreat-zen,/stories/retreat-zen/sumida/,C,薄め/様子見,1-2,
103,墨田区,sumida,区,285361,下町・スカイツリー・職人,神社・寺院・パワースポット,shrine-temple,/stories/shrine-temple/sumida/,B,標準,2-3,
104,墨田区,sumida,区,285361,下町・スカイツリー・職人,インバウンド観光・体験施設,inbound-experience,/stories/inbound-experience/sumida/,B,標準,2-3,
105,墨田区,sumida,区,285361,下町・スカイツリー・職人,文化・スポーツ・レジャー施設,culture-sports-leisure,/stories/culture-sports-leisure/sumida/,C,薄め/様子見,1-2,
106,江東区,koto,区,541389,臨海・再開発・ファミリー,高級ホテル・ホテルラウンジ,hotel-lounge,/stories/hotel-lounge/koto/,B,標準,2-3,
107,江東区,koto,区,541389,臨海・再開発・ファミリー,温泉旅館・高級旅館,onsen-ryokan,/stories/onsen-ryokan/koto/,D,原則対象外/親統合,0,
108,江東区,koto,区,541389,臨海・再開発・ファミリー,貸切ヴィラ・一棟貸しの宿,villa-rental,/stories/villa-rental/koto/,D,原則対象外/親統合,0,
109,江東区,koto,区,541389,臨海・再開発・ファミリー,レストラン・ダイニング,restaurant-dining,/stories/restaurant-dining/koto/,C,薄め/様子見,1-2,
110,江東区,koto,区,541389,臨海・再開発・ファミリー,カフェ・スペシャルティコーヒー,cafe-specialty-coffee,/stories/cafe-specialty-coffee/koto/,C,薄め/様子見,1-2,
111,江東区,koto,区,541389,臨海・再開発・ファミリー,バー・ウイスキー・カクテル,bar-whiskey,/stories/bar-whiskey/koto/,C,薄め/様子見,1-2,
112,江東区,koto,区,541389,臨海・再開発・ファミリー,スパ・サウナ・ウェルネス施設,spa-sauna-wellness,/stories/spa-sauna-wellness/koto/,B,標準,2-3,
113,江東区,koto,区,541389,臨海・再開発・ファミリー,高級サロン・プライベートサロン,premium-salon,/stories/premium-salon/koto/,C,薄め/様子見,1-2,
114,江東区,koto,区,541389,臨海・再開発・ファミリー,コワーキング・シェアオフィス,coworking,/stories/coworking/koto/,B,標準,2-3,
115,江東区,koto,区,541389,臨海・再開発・ファミリー,会員制ラウンジ・クラブ,members-lounge,/stories/members-lounge/koto/,C,薄め/様子見,1-2,
116,江東区,koto,区,541389,臨海・再開発・ファミリー,山・自然体験・グランピング,nature-glamping,/stories/nature-glamping/koto/,C,限定的,1-2,
117,江東区,koto,区,541389,臨海・再開発・ファミリー,リトリート・禅体験,retreat-zen,/stories/retreat-zen/koto/,C,薄め/様子見,1-2,
118,江東区,koto,区,541389,臨海・再開発・ファミリー,神社・寺院・パワースポット,shrine-temple,/stories/shrine-temple/koto/,C,薄め/様子見,1-2,
119,江東区,koto,区,541389,臨海・再開発・ファミリー,インバウンド観光・体験施設,inbound-experience,/stories/inbound-experience/koto/,C,薄め/様子見,1-2,
120,江東区,koto,区,541389,臨海・再開発・ファミリー,文化・スポーツ・レジャー施設,culture-sports-leisure,/stories/culture-sports-leisure/koto/,A,主力・最優先,3-5,
121,品川区,shinagawa,区,430655,ビジネス・住宅・交通,高級ホテル・ホテルラウンジ,hotel-lounge,/stories/hotel-lounge/shinagawa/,A,主力・最優先,3-5,
122,品川区,shinagawa,区,430655,ビジネス・住宅・交通,温泉旅館・高級旅館,onsen-ryokan,/stories/onsen-ryokan/shinagawa/,D,原則対象外/親統合,0,
123,品川区,shinagawa,区,430655,ビジネス・住宅・交通,貸切ヴィラ・一棟貸しの宿,villa-rental,/stories/villa-rental/shinagawa/,D,原則対象外/親統合,0,
124,品川区,shinagawa,区,430655,ビジネス・住宅・交通,レストラン・ダイニング,restaurant-dining,/stories/restaurant-dining/shinagawa/,C,薄め/様子見,1-2,
125,品川区,shinagawa,区,430655,ビジネス・住宅・交通,カフェ・スペシャルティコーヒー,cafe-specialty-coffee,/stories/cafe-specialty-coffee/shinagawa/,B,標準,2-3,
126,品川区,shinagawa,区,430655,ビジネス・住宅・交通,バー・ウイスキー・カクテル,bar-whiskey,/stories/bar-whiskey/shinagawa/,C,薄め/様子見,1-2,
127,品川区,shinagawa,区,430655,ビジネス・住宅・交通,スパ・サウナ・ウェルネス施設,spa-sauna-wellness,/stories/spa-sauna-wellness/shinagawa/,A,主力・最優先,3-5,
128,品川区,shinagawa,区,430655,ビジネス・住宅・交通,高級サロン・プライベートサロン,premium-salon,/stories/premium-salon/shinagawa/,B,標準,2-3,
129,品川区,shinagawa,区,430655,ビジネス・住宅・交通,コワーキング・シェアオフィス,coworking,/stories/coworking/shinagawa/,A,主力・最優先,3-5,
130,品川区,shinagawa,区,430655,ビジネス・住宅・交通,会員制ラウンジ・クラブ,members-lounge,/stories/members-lounge/shinagawa/,B,標準,2-3,
131,品川区,shinagawa,区,430655,ビジネス・住宅・交通,山・自然体験・グランピング,nature-glamping,/stories/nature-glamping/shinagawa/,D,都心は対象外/親統合,0,
132,品川区,shinagawa,区,430655,ビジネス・住宅・交通,リトリート・禅体験,retreat-zen,/stories/retreat-zen/shinagawa/,C,薄め/様子見,1-2,
133,品川区,shinagawa,区,430655,ビジネス・住宅・交通,神社・寺院・パワースポット,shrine-temple,/stories/shrine-temple/shinagawa/,C,薄め/様子見,1-2,
134,品川区,shinagawa,区,430655,ビジネス・住宅・交通,インバウンド観光・体験施設,inbound-experience,/stories/inbound-experience/shinagawa/,C,薄め/様子見,1-2,
135,品川区,shinagawa,区,430655,ビジネス・住宅・交通,文化・スポーツ・レジャー施設,culture-sports-leisure,/stories/culture-sports-leisure/shinagawa/,C,薄め/様子見,1-2,
136,目黒区,meguro,区,288713,住宅・おしゃれ・カフェ,高級ホテル・ホテルラウンジ,hotel-lounge,/stories/hotel-lounge/meguro/,C,薄め/様子見,1-2,
137,目黒区,meguro,区,288713,住宅・おしゃれ・カフェ,温泉旅館・高級旅館,onsen-ryokan,/stories/onsen-ryokan/meguro/,D,原則対象外/親統合,0,
138,目黒区,meguro,区,288713,住宅・おしゃれ・カフェ,貸切ヴィラ・一棟貸しの宿,villa-rental,/stories/villa-rental/meguro/,D,原則対象外/親統合,0,
139,目黒区,meguro,区,288713,住宅・おしゃれ・カフェ,レストラン・ダイニング,restaurant-dining,/stories/restaurant-dining/meguro/,C,薄め/様子見,1-2,
140,目黒区,meguro,区,288713,住宅・おしゃれ・カフェ,カフェ・スペシャルティコーヒー,cafe-specialty-coffee,/stories/cafe-specialty-coffee/meguro/,A,主力・最優先,3-5,
141,目黒区,meguro,区,288713,住宅・おしゃれ・カフェ,バー・ウイスキー・カクテル,bar-whiskey,/stories/bar-whiskey/meguro/,C,薄め/様子見,1-2,
142,目黒区,meguro,区,288713,住宅・おしゃれ・カフェ,スパ・サウナ・ウェルネス施設,spa-sauna-wellness,/stories/spa-sauna-wellness/meguro/,B,標準,2-3,
143,目黒区,meguro,区,288713,住宅・おしゃれ・カフェ,高級サロン・プライベートサロン,premium-salon,/stories/premium-salon/meguro/,A,主力・最優先,3-5,
144,目黒区,meguro,区,288713,住宅・おしゃれ・カフェ,コワーキング・シェアオフィス,coworking,/stories/coworking/meguro/,C,薄め/様子見,1-2,
145,目黒区,meguro,区,288713,住宅・おしゃれ・カフェ,会員制ラウンジ・クラブ,members-lounge,/stories/members-lounge/meguro/,C,薄め/様子見,1-2,
146,目黒区,meguro,区,288713,住宅・おしゃれ・カフェ,山・自然体験・グランピング,nature-glamping,/stories/nature-glamping/meguro/,D,都心は対象外/親統合,0,
147,目黒区,meguro,区,288713,住宅・おしゃれ・カフェ,リトリート・禅体験,retreat-zen,/stories/retreat-zen/meguro/,C,薄め/様子見,1-2,
148,目黒区,meguro,区,288713,住宅・おしゃれ・カフェ,神社・寺院・パワースポット,shrine-temple,/stories/shrine-temple/meguro/,C,薄め/様子見,1-2,
149,目黒区,meguro,区,288713,住宅・おしゃれ・カフェ,インバウンド観光・体験施設,inbound-experience,/stories/inbound-experience/meguro/,C,薄め/様子見,1-2,
150,目黒区,meguro,区,288713,住宅・おしゃれ・カフェ,文化・スポーツ・レジャー施設,culture-sports-leisure,/stories/culture-sports-leisure/meguro/,C,薄め/様子見,1-2,
151,大田区,ota,区,757230,住宅・羽田・銭湯,高級ホテル・ホテルラウンジ,hotel-lounge,/stories/hotel-lounge/ota/,C,薄め/様子見,1-2,
152,大田区,ota,区,757230,住宅・羽田・銭湯,温泉旅館・高級旅館,onsen-ryokan,/stories/onsen-ryokan/ota/,D,原則対象外/親統合,0,
153,大田区,ota,区,757230,住宅・羽田・銭湯,貸切ヴィラ・一棟貸しの宿,villa-rental,/stories/villa-rental/ota/,D,原則対象外/親統合,0,
154,大田区,ota,区,757230,住宅・羽田・銭湯,レストラン・ダイニング,restaurant-dining,/stories/restaurant-dining/ota/,C,薄め/様子見,1-2,
155,大田区,ota,区,757230,住宅・羽田・銭湯,カフェ・スペシャルティコーヒー,cafe-specialty-coffee,/stories/cafe-specialty-coffee/ota/,B,標準,2-3,
156,大田区,ota,区,757230,住宅・羽田・銭湯,バー・ウイスキー・カクテル,bar-whiskey,/stories/bar-whiskey/ota/,C,薄め/様子見,1-2,
157,大田区,ota,区,757230,住宅・羽田・銭湯,スパ・サウナ・ウェルネス施設,spa-sauna-wellness,/stories/spa-sauna-wellness/ota/,A,主力・最優先,3-5,
158,大田区,ota,区,757230,住宅・羽田・銭湯,高級サロン・プライベートサロン,premium-salon,/stories/premium-salon/ota/,B,標準,2-3,
159,大田区,ota,区,757230,住宅・羽田・銭湯,コワーキング・シェアオフィス,coworking,/stories/coworking/ota/,C,薄め/様子見,1-2,
160,大田区,ota,区,757230,住宅・羽田・銭湯,会員制ラウンジ・クラブ,members-lounge,/stories/members-lounge/ota/,C,薄め/様子見,1-2,
161,大田区,ota,区,757230,住宅・羽田・銭湯,山・自然体験・グランピング,nature-glamping,/stories/nature-glamping/ota/,D,都心は対象外/親統合,0,
162,大田区,ota,区,757230,住宅・羽田・銭湯,リトリート・禅体験,retreat-zen,/stories/retreat-zen/ota/,C,薄め/様子見,1-2,
163,大田区,ota,区,757230,住宅・羽田・銭湯,神社・寺院・パワースポット,shrine-temple,/stories/shrine-temple/ota/,C,薄め/様子見,1-2,
164,大田区,ota,区,757230,住宅・羽田・銭湯,インバウンド観光・体験施設,inbound-experience,/stories/inbound-experience/ota/,C,薄め/様子見,1-2,
165,大田区,ota,区,757230,住宅・羽田・銭湯,文化・スポーツ・レジャー施設,culture-sports-leisure,/stories/culture-sports-leisure/ota/,C,薄め/様子見,1-2,
166,世田谷区,setagaya,区,950540,高級住宅・閑静,高級ホテル・ホテルラウンジ,hotel-lounge,/stories/hotel-lounge/setagaya/,B,標準,2-3,
167,世田谷区,setagaya,区,950540,高級住宅・閑静,温泉旅館・高級旅館,onsen-ryokan,/stories/onsen-ryokan/setagaya/,D,原則対象外/親統合,0,
168,世田谷区,setagaya,区,950540,高級住宅・閑静,貸切ヴィラ・一棟貸しの宿,villa-rental,/stories/villa-rental/setagaya/,D,原則対象外/親統合,0,
169,世田谷区,setagaya,区,950540,高級住宅・閑静,レストラン・ダイニング,restaurant-dining,/stories/restaurant-dining/setagaya/,B,標準,2-3,
170,世田谷区,setagaya,区,950540,高級住宅・閑静,カフェ・スペシャルティコーヒー,cafe-specialty-coffee,/stories/cafe-specialty-coffee/setagaya/,B,標準,2-3,
171,世田谷区,setagaya,区,950540,高級住宅・閑静,バー・ウイスキー・カクテル,bar-whiskey,/stories/bar-whiskey/setagaya/,C,薄め/様子見,1-2,
172,世田谷区,setagaya,区,950540,高級住宅・閑静,スパ・サウナ・ウェルネス施設,spa-sauna-wellness,/stories/spa-sauna-wellness/setagaya/,A,主力・最優先,3-5,
173,世田谷区,setagaya,区,950540,高級住宅・閑静,高級サロン・プライベートサロン,premium-salon,/stories/premium-salon/setagaya/,A,主力・最優先,3-5,
174,世田谷区,setagaya,区,950540,高級住宅・閑静,コワーキング・シェアオフィス,coworking,/stories/coworking/setagaya/,C,薄め/様子見,1-2,
175,世田谷区,setagaya,区,950540,高級住宅・閑静,会員制ラウンジ・クラブ,members-lounge,/stories/members-lounge/setagaya/,B,標準,2-3,
176,世田谷区,setagaya,区,950540,高級住宅・閑静,山・自然体験・グランピング,nature-glamping,/stories/nature-glamping/setagaya/,D,都心は対象外/親統合,0,
177,世田谷区,setagaya,区,950540,高級住宅・閑静,リトリート・禅体験,retreat-zen,/stories/retreat-zen/setagaya/,B,標準,2-3,
178,世田谷区,setagaya,区,950540,高級住宅・閑静,神社・寺院・パワースポット,shrine-temple,/stories/shrine-temple/setagaya/,C,薄め/様子見,1-2,
179,世田谷区,setagaya,区,950540,高級住宅・閑静,インバウンド観光・体験施設,inbound-experience,/stories/inbound-experience/setagaya/,C,薄め/様子見,1-2,
180,世田谷区,setagaya,区,950540,高級住宅・閑静,文化・スポーツ・レジャー施設,culture-sports-leisure,/stories/culture-sports-leisure/setagaya/,C,薄め/様子見,1-2,
181,渋谷区,shibuya,区,244742,若者文化・IT・トレンド,高級ホテル・ホテルラウンジ,hotel-lounge,/stories/hotel-lounge/shibuya/,C,薄め/様子見,1-2,
182,渋谷区,shibuya,区,244742,若者文化・IT・トレンド,温泉旅館・高級旅館,onsen-ryokan,/stories/onsen-ryokan/shibuya/,D,原則対象外/親統合,0,
183,渋谷区,shibuya,区,244742,若者文化・IT・トレンド,貸切ヴィラ・一棟貸しの宿,villa-rental,/stories/villa-rental/shibuya/,D,原則対象外/親統合,0,
184,渋谷区,shibuya,区,244742,若者文化・IT・トレンド,レストラン・ダイニング,restaurant-dining,/stories/restaurant-dining/shibuya/,C,薄め/様子見,1-2,
185,渋谷区,shibuya,区,244742,若者文化・IT・トレンド,カフェ・スペシャルティコーヒー,cafe-specialty-coffee,/stories/cafe-specialty-coffee/shibuya/,A,主力・最優先,3-5,
186,渋谷区,shibuya,区,244742,若者文化・IT・トレンド,バー・ウイスキー・カクテル,bar-whiskey,/stories/bar-whiskey/shibuya/,C,薄め/様子見,1-2,
187,渋谷区,shibuya,区,244742,若者文化・IT・トレンド,スパ・サウナ・ウェルネス施設,spa-sauna-wellness,/stories/spa-sauna-wellness/shibuya/,C,薄め/様子見,1-2,
188,渋谷区,shibuya,区,244742,若者文化・IT・トレンド,高級サロン・プライベートサロン,premium-salon,/stories/premium-salon/shibuya/,C,薄め/様子見,1-2,
189,渋谷区,shibuya,区,244742,若者文化・IT・トレンド,コワーキング・シェアオフィス,coworking,/stories/coworking/shibuya/,A,主力・最優先,3-5,
190,渋谷区,shibuya,区,244742,若者文化・IT・トレンド,会員制ラウンジ・クラブ,members-lounge,/stories/members-lounge/shibuya/,C,薄め/様子見,1-2,
191,渋谷区,shibuya,区,244742,若者文化・IT・トレンド,山・自然体験・グランピング,nature-glamping,/stories/nature-glamping/shibuya/,D,都心は対象外/親統合,0,
192,渋谷区,shibuya,区,244742,若者文化・IT・トレンド,リトリート・禅体験,retreat-zen,/stories/retreat-zen/shibuya/,B,標準,2-3,
193,渋谷区,shibuya,区,244742,若者文化・IT・トレンド,神社・寺院・パワースポット,shrine-temple,/stories/shrine-temple/shibuya/,B,標準,2-3,
194,渋谷区,shibuya,区,244742,若者文化・IT・トレンド,インバウンド観光・体験施設,inbound-experience,/stories/inbound-experience/shibuya/,A,主力・最優先,3-5,
195,渋谷区,shibuya,区,244742,若者文化・IT・トレンド,文化・スポーツ・レジャー施設,culture-sports-leisure,/stories/culture-sports-leisure/shibuya/,A,主力・最優先,3-5,
196,中野区,nakano,区,353922,サブカル・住宅・飲食,高級ホテル・ホテルラウンジ,hotel-lounge,/stories/hotel-lounge/nakano/,C,薄め/様子見,1-2,
197,中野区,nakano,区,353922,サブカル・住宅・飲食,温泉旅館・高級旅館,onsen-ryokan,/stories/onsen-ryokan/nakano/,D,原則対象外/親統合,0,
198,中野区,nakano,区,353922,サブカル・住宅・飲食,貸切ヴィラ・一棟貸しの宿,villa-rental,/stories/villa-rental/nakano/,D,原則対象外/親統合,0,
199,中野区,nakano,区,353922,サブカル・住宅・飲食,レストラン・ダイニング,restaurant-dining,/stories/restaurant-dining/nakano/,C,薄め/様子見,1-2,
200,中野区,nakano,区,353922,サブカル・住宅・飲食,カフェ・スペシャルティコーヒー,cafe-specialty-coffee,/stories/cafe-specialty-coffee/nakano/,B,標準,2-3,
201,中野区,nakano,区,353922,サブカル・住宅・飲食,バー・ウイスキー・カクテル,bar-whiskey,/stories/bar-whiskey/nakano/,C,薄め/様子見,1-2,
202,中野区,nakano,区,353922,サブカル・住宅・飲食,スパ・サウナ・ウェルネス施設,spa-sauna-wellness,/stories/spa-sauna-wellness/nakano/,B,標準,2-3,
203,中野区,nakano,区,353922,サブカル・住宅・飲食,高級サロン・プライベートサロン,premium-salon,/stories/premium-salon/nakano/,B,標準,2-3,
204,中野区,nakano,区,353922,サブカル・住宅・飲食,コワーキング・シェアオフィス,coworking,/stories/coworking/nakano/,C,薄め/様子見,1-2,
205,中野区,nakano,区,353922,サブカル・住宅・飲食,会員制ラウンジ・クラブ,members-lounge,/stories/members-lounge/nakano/,C,薄め/様子見,1-2,
206,中野区,nakano,区,353922,サブカル・住宅・飲食,山・自然体験・グランピング,nature-glamping,/stories/nature-glamping/nakano/,D,都心は対象外/親統合,0,
207,中野区,nakano,区,353922,サブカル・住宅・飲食,リトリート・禅体験,retreat-zen,/stories/retreat-zen/nakano/,C,薄め/様子見,1-2,
208,中野区,nakano,区,353922,サブカル・住宅・飲食,神社・寺院・パワースポット,shrine-temple,/stories/shrine-temple/nakano/,C,薄め/様子見,1-2,
209,中野区,nakano,区,353922,サブカル・住宅・飲食,インバウンド観光・体験施設,inbound-experience,/stories/inbound-experience/nakano/,C,薄め/様子見,1-2,
210,中野区,nakano,区,353922,サブカル・住宅・飲食,文化・スポーツ・レジャー施設,culture-sports-leisure,/stories/culture-sports-leisure/nakano/,C,薄め/様子見,1-2,
211,杉並区,suginami,区,599195,住宅・閑静・文化人,高級ホテル・ホテルラウンジ,hotel-lounge,/stories/hotel-lounge/suginami/,C,薄め/様子見,1-2,
212,杉並区,suginami,区,599195,住宅・閑静・文化人,温泉旅館・高級旅館,onsen-ryokan,/stories/onsen-ryokan/suginami/,D,原則対象外/親統合,0,
213,杉並区,suginami,区,599195,住宅・閑静・文化人,貸切ヴィラ・一棟貸しの宿,villa-rental,/stories/villa-rental/suginami/,D,原則対象外/親統合,0,
214,杉並区,suginami,区,599195,住宅・閑静・文化人,レストラン・ダイニング,restaurant-dining,/stories/restaurant-dining/suginami/,C,薄め/様子見,1-2,
215,杉並区,suginami,区,599195,住宅・閑静・文化人,カフェ・スペシャルティコーヒー,cafe-specialty-coffee,/stories/cafe-specialty-coffee/suginami/,A,主力・最優先,3-5,
216,杉並区,suginami,区,599195,住宅・閑静・文化人,バー・ウイスキー・カクテル,bar-whiskey,/stories/bar-whiskey/suginami/,C,薄め/様子見,1-2,
217,杉並区,suginami,区,599195,住宅・閑静・文化人,スパ・サウナ・ウェルネス施設,spa-sauna-wellness,/stories/spa-sauna-wellness/suginami/,B,標準,2-3,
218,杉並区,suginami,区,599195,住宅・閑静・文化人,高級サロン・プライベートサロン,premium-salon,/stories/premium-salon/suginami/,B,標準,2-3,
219,杉並区,suginami,区,599195,住宅・閑静・文化人,コワーキング・シェアオフィス,coworking,/stories/coworking/suginami/,C,薄め/様子見,1-2,
220,杉並区,suginami,区,599195,住宅・閑静・文化人,会員制ラウンジ・クラブ,members-lounge,/stories/members-lounge/suginami/,C,薄め/様子見,1-2,
221,杉並区,suginami,区,599195,住宅・閑静・文化人,山・自然体験・グランピング,nature-glamping,/stories/nature-glamping/suginami/,D,都心は対象外/親統合,0,
222,杉並区,suginami,区,599195,住宅・閑静・文化人,リトリート・禅体験,retreat-zen,/stories/retreat-zen/suginami/,A,主力・最優先,3-5,
223,杉並区,suginami,区,599195,住宅・閑静・文化人,神社・寺院・パワースポット,shrine-temple,/stories/shrine-temple/suginami/,B,標準,2-3,
224,杉並区,suginami,区,599195,住宅・閑静・文化人,インバウンド観光・体験施設,inbound-experience,/stories/inbound-experience/suginami/,B,標準,2-3,
225,杉並区,suginami,区,599195,住宅・閑静・文化人,文化・スポーツ・レジャー施設,culture-sports-leisure,/stories/culture-sports-leisure/suginami/,B,標準,2-3,
226,豊島区,toshima,区,311011,池袋・繁華街・住宅,高級ホテル・ホテルラウンジ,hotel-lounge,/stories/hotel-lounge/toshima/,C,薄め/様子見,1-2,
227,豊島区,toshima,区,311011,池袋・繁華街・住宅,温泉旅館・高級旅館,onsen-ryokan,/stories/onsen-ryokan/toshima/,D,原則対象外/親統合,0,
228,豊島区,toshima,区,311011,池袋・繁華街・住宅,貸切ヴィラ・一棟貸しの宿,villa-rental,/stories/villa-rental/toshima/,D,原則対象外/親統合,0,
229,豊島区,toshima,区,311011,池袋・繁華街・住宅,レストラン・ダイニング,restaurant-dining,/stories/restaurant-dining/toshima/,B,標準,2-3,
230,豊島区,toshima,区,311011,池袋・繁華街・住宅,カフェ・スペシャルティコーヒー,cafe-specialty-coffee,/stories/cafe-specialty-coffee/toshima/,B,標準,2-3,
231,豊島区,toshima,区,311011,池袋・繁華街・住宅,バー・ウイスキー・カクテル,bar-whiskey,/stories/bar-whiskey/toshima/,B,標準,2-3,
232,豊島区,toshima,区,311011,池袋・繁華街・住宅,スパ・サウナ・ウェルネス施設,spa-sauna-wellness,/stories/spa-sauna-wellness/toshima/,A,主力・最優先,3-5,
233,豊島区,toshima,区,311011,池袋・繁華街・住宅,高級サロン・プライベートサロン,premium-salon,/stories/premium-salon/toshima/,B,標準,2-3,
234,豊島区,toshima,区,311011,池袋・繁華街・住宅,コワーキング・シェアオフィス,coworking,/stories/coworking/toshima/,C,薄め/様子見,1-2,
235,豊島区,toshima,区,311011,池袋・繁華街・住宅,会員制ラウンジ・クラブ,members-lounge,/stories/members-lounge/toshima/,C,薄め/様子見,1-2,
236,豊島区,toshima,区,311011,池袋・繁華街・住宅,山・自然体験・グランピング,nature-glamping,/stories/nature-glamping/toshima/,D,都心は対象外/親統合,0,
237,豊島区,toshima,区,311011,池袋・繁華街・住宅,リトリート・禅体験,retreat-zen,/stories/retreat-zen/toshima/,C,薄め/様子見,1-2,
238,豊島区,toshima,区,311011,池袋・繁華街・住宅,神社・寺院・パワースポット,shrine-temple,/stories/shrine-temple/toshima/,C,薄め/様子見,1-2,
239,豊島区,toshima,区,311011,池袋・繁華街・住宅,インバウンド観光・体験施設,inbound-experience,/stories/inbound-experience/toshima/,C,薄め/様子見,1-2,
240,豊島区,toshima,区,311011,池袋・繁華街・住宅,文化・スポーツ・レジャー施設,culture-sports-leisure,/stories/culture-sports-leisure/toshima/,C,薄め/様子見,1-2,
241,北区,kita,区,369043,住宅・下町・交通,高級ホテル・ホテルラウンジ,hotel-lounge,/stories/hotel-lounge/kita/,B,標準,2-3,
242,北区,kita,区,369043,住宅・下町・交通,温泉旅館・高級旅館,onsen-ryokan,/stories/onsen-ryokan/kita/,D,原則対象外/親統合,0,
243,北区,kita,区,369043,住宅・下町・交通,貸切ヴィラ・一棟貸しの宿,villa-rental,/stories/villa-rental/kita/,C,限定的/要確認,1-2,
244,北区,kita,区,369043,住宅・下町・交通,レストラン・ダイニング,restaurant-dining,/stories/restaurant-dining/kita/,C,薄め/様子見,1-2,
245,北区,kita,区,369043,住宅・下町・交通,カフェ・スペシャルティコーヒー,cafe-specialty-coffee,/stories/cafe-specialty-coffee/kita/,A,主力・最優先,3-5,
246,北区,kita,区,369043,住宅・下町・交通,バー・ウイスキー・カクテル,bar-whiskey,/stories/bar-whiskey/kita/,C,薄め/様子見,1-2,
247,北区,kita,区,369043,住宅・下町・交通,スパ・サウナ・ウェルネス施設,spa-sauna-wellness,/stories/spa-sauna-wellness/kita/,B,標準,2-3,
248,北区,kita,区,369043,住宅・下町・交通,高級サロン・プライベートサロン,premium-salon,/stories/premium-salon/kita/,B,標準,2-3,
249,北区,kita,区,369043,住宅・下町・交通,コワーキング・シェアオフィス,coworking,/stories/coworking/kita/,B,標準,2-3,
250,北区,kita,区,369043,住宅・下町・交通,会員制ラウンジ・クラブ,members-lounge,/stories/members-lounge/kita/,C,薄め/様子見,1-2,
251,北区,kita,区,369043,住宅・下町・交通,山・自然体験・グランピング,nature-glamping,/stories/nature-glamping/kita/,D,都心は対象外/親統合,0,
252,北区,kita,区,369043,住宅・下町・交通,リトリート・禅体験,retreat-zen,/stories/retreat-zen/kita/,C,薄め/様子見,1-2,
253,北区,kita,区,369043,住宅・下町・交通,神社・寺院・パワースポット,shrine-temple,/stories/shrine-temple/kita/,B,標準,2-3,
254,北区,kita,区,369043,住宅・下町・交通,インバウンド観光・体験施設,inbound-experience,/stories/inbound-experience/kita/,B,標準,2-3,
255,北区,kita,区,369043,住宅・下町・交通,文化・スポーツ・レジャー施設,culture-sports-leisure,/stories/culture-sports-leisure/kita/,C,薄め/様子見,1-2,
256,荒川区,arakawa,区,225695,下町・住宅・職人,高級ホテル・ホテルラウンジ,hotel-lounge,/stories/hotel-lounge/arakawa/,C,薄め/様子見,1-2,
257,荒川区,arakawa,区,225695,下町・住宅・職人,温泉旅館・高級旅館,onsen-ryokan,/stories/onsen-ryokan/arakawa/,D,原則対象外/親統合,0,
258,荒川区,arakawa,区,225695,下町・住宅・職人,貸切ヴィラ・一棟貸しの宿,villa-rental,/stories/villa-rental/arakawa/,C,限定的/要確認,1-2,
259,荒川区,arakawa,区,225695,下町・住宅・職人,レストラン・ダイニング,restaurant-dining,/stories/restaurant-dining/arakawa/,C,薄め/様子見,1-2,
260,荒川区,arakawa,区,225695,下町・住宅・職人,カフェ・スペシャルティコーヒー,cafe-specialty-coffee,/stories/cafe-specialty-coffee/arakawa/,A,主力・最優先,3-5,
261,荒川区,arakawa,区,225695,下町・住宅・職人,バー・ウイスキー・カクテル,bar-whiskey,/stories/bar-whiskey/arakawa/,C,薄め/様子見,1-2,
262,荒川区,arakawa,区,225695,下町・住宅・職人,スパ・サウナ・ウェルネス施設,spa-sauna-wellness,/stories/spa-sauna-wellness/arakawa/,B,標準,2-3,
263,荒川区,arakawa,区,225695,下町・住宅・職人,高級サロン・プライベートサロン,premium-salon,/stories/premium-salon/arakawa/,B,標準,2-3,
264,荒川区,arakawa,区,225695,下町・住宅・職人,コワーキング・シェアオフィス,coworking,/stories/coworking/arakawa/,C,薄め/様子見,1-2,
265,荒川区,arakawa,区,225695,下町・住宅・職人,会員制ラウンジ・クラブ,members-lounge,/stories/members-lounge/arakawa/,C,薄め/様子見,1-2,
266,荒川区,arakawa,区,225695,下町・住宅・職人,山・自然体験・グランピング,nature-glamping,/stories/nature-glamping/arakawa/,D,都心は対象外/親統合,0,
267,荒川区,arakawa,区,225695,下町・住宅・職人,リトリート・禅体験,retreat-zen,/stories/retreat-zen/arakawa/,C,薄め/様子見,1-2,
268,荒川区,arakawa,区,225695,下町・住宅・職人,神社・寺院・パワースポット,shrine-temple,/stories/shrine-temple/arakawa/,B,標準,2-3,
269,荒川区,arakawa,区,225695,下町・住宅・職人,インバウンド観光・体験施設,inbound-experience,/stories/inbound-experience/arakawa/,B,標準,2-3,
270,荒川区,arakawa,区,225695,下町・住宅・職人,文化・スポーツ・レジャー施設,culture-sports-leisure,/stories/culture-sports-leisure/arakawa/,C,薄め/様子見,1-2,
271,板橋区,itabashi,区,597150,住宅・ファミリー,高級ホテル・ホテルラウンジ,hotel-lounge,/stories/hotel-lounge/itabashi/,C,薄め/様子見,1-2,
272,板橋区,itabashi,区,597150,住宅・ファミリー,温泉旅館・高級旅館,onsen-ryokan,/stories/onsen-ryokan/itabashi/,D,原則対象外/親統合,0,
273,板橋区,itabashi,区,597150,住宅・ファミリー,貸切ヴィラ・一棟貸しの宿,villa-rental,/stories/villa-rental/itabashi/,D,原則対象外/親統合,0,
274,板橋区,itabashi,区,597150,住宅・ファミリー,レストラン・ダイニング,restaurant-dining,/stories/restaurant-dining/itabashi/,C,薄め/様子見,1-2,
275,板橋区,itabashi,区,597150,住宅・ファミリー,カフェ・スペシャルティコーヒー,cafe-specialty-coffee,/stories/cafe-specialty-coffee/itabashi/,B,標準,2-3,
276,板橋区,itabashi,区,597150,住宅・ファミリー,バー・ウイスキー・カクテル,bar-whiskey,/stories/bar-whiskey/itabashi/,C,薄め/様子見,1-2,
277,板橋区,itabashi,区,597150,住宅・ファミリー,スパ・サウナ・ウェルネス施設,spa-sauna-wellness,/stories/spa-sauna-wellness/itabashi/,B,標準,2-3,
278,板橋区,itabashi,区,597150,住宅・ファミリー,高級サロン・プライベートサロン,premium-salon,/stories/premium-salon/itabashi/,B,標準,2-3,
279,板橋区,itabashi,区,597150,住宅・ファミリー,コワーキング・シェアオフィス,coworking,/stories/coworking/itabashi/,C,薄め/様子見,1-2,
280,板橋区,itabashi,区,597150,住宅・ファミリー,会員制ラウンジ・クラブ,members-lounge,/stories/members-lounge/itabashi/,C,薄め/様子見,1-2,
281,板橋区,itabashi,区,597150,住宅・ファミリー,山・自然体験・グランピング,nature-glamping,/stories/nature-glamping/itabashi/,D,都心は対象外/親統合,0,
282,板橋区,itabashi,区,597150,住宅・ファミリー,リトリート・禅体験,retreat-zen,/stories/retreat-zen/itabashi/,C,薄め/様子見,1-2,
283,板橋区,itabashi,区,597150,住宅・ファミリー,神社・寺院・パワースポット,shrine-temple,/stories/shrine-temple/itabashi/,C,薄め/様子見,1-2,
284,板橋区,itabashi,区,597150,住宅・ファミリー,インバウンド観光・体験施設,inbound-experience,/stories/inbound-experience/itabashi/,C,薄め/様子見,1-2,
285,板橋区,itabashi,区,597150,住宅・ファミリー,文化・スポーツ・レジャー施設,culture-sports-leisure,/stories/culture-sports-leisure/itabashi/,B,標準,2-3,
286,練馬区,nerima,区,761999,住宅・農地・ファミリー,高級ホテル・ホテルラウンジ,hotel-lounge,/stories/hotel-lounge/nerima/,C,薄め/様子見,1-2,
287,練馬区,nerima,区,761999,住宅・農地・ファミリー,温泉旅館・高級旅館,onsen-ryokan,/stories/onsen-ryokan/nerima/,D,原則対象外/親統合,0,
288,練馬区,nerima,区,761999,住宅・農地・ファミリー,貸切ヴィラ・一棟貸しの宿,villa-rental,/stories/villa-rental/nerima/,D,原則対象外/親統合,0,
289,練馬区,nerima,区,761999,住宅・農地・ファミリー,レストラン・ダイニング,restaurant-dining,/stories/restaurant-dining/nerima/,C,薄め/様子見,1-2,
290,練馬区,nerima,区,761999,住宅・農地・ファミリー,カフェ・スペシャルティコーヒー,cafe-specialty-coffee,/stories/cafe-specialty-coffee/nerima/,B,標準,2-3,
291,練馬区,nerima,区,761999,住宅・農地・ファミリー,バー・ウイスキー・カクテル,bar-whiskey,/stories/bar-whiskey/nerima/,C,薄め/様子見,1-2,
292,練馬区,nerima,区,761999,住宅・農地・ファミリー,スパ・サウナ・ウェルネス施設,spa-sauna-wellness,/stories/spa-sauna-wellness/nerima/,B,標準,2-3,
293,練馬区,nerima,区,761999,住宅・農地・ファミリー,高級サロン・プライベートサロン,premium-salon,/stories/premium-salon/nerima/,B,標準,2-3,
294,練馬区,nerima,区,761999,住宅・農地・ファミリー,コワーキング・シェアオフィス,coworking,/stories/coworking/nerima/,C,薄め/様子見,1-2,
295,練馬区,nerima,区,761999,住宅・農地・ファミリー,会員制ラウンジ・クラブ,members-lounge,/stories/members-lounge/nerima/,C,薄め/様子見,1-2,
296,練馬区,nerima,区,761999,住宅・農地・ファミリー,山・自然体験・グランピング,nature-glamping,/stories/nature-glamping/nerima/,C,限定的,1-2,
297,練馬区,nerima,区,761999,住宅・農地・ファミリー,リトリート・禅体験,retreat-zen,/stories/retreat-zen/nerima/,C,薄め/様子見,1-2,
298,練馬区,nerima,区,761999,住宅・農地・ファミリー,神社・寺院・パワースポット,shrine-temple,/stories/shrine-temple/nerima/,C,薄め/様子見,1-2,
299,練馬区,nerima,区,761999,住宅・農地・ファミリー,インバウンド観光・体験施設,inbound-experience,/stories/inbound-experience/nerima/,C,薄め/様子見,1-2,
300,練馬区,nerima,区,761999,住宅・農地・ファミリー,文化・スポーツ・レジャー施設,culture-sports-leisure,/stories/culture-sports-leisure/nerima/,B,標準,2-3,
301,足立区,adachi,区,706352,下町・住宅・庶民,高級ホテル・ホテルラウンジ,hotel-lounge,/stories/hotel-lounge/adachi/,C,薄め/様子見,1-2,
302,足立区,adachi,区,706352,下町・住宅・庶民,温泉旅館・高級旅館,onsen-ryokan,/stories/onsen-ryokan/adachi/,D,原則対象外/親統合,0,
303,足立区,adachi,区,706352,下町・住宅・庶民,貸切ヴィラ・一棟貸しの宿,villa-rental,/stories/villa-rental/adachi/,C,限定的/要確認,1-2,
304,足立区,adachi,区,706352,下町・住宅・庶民,レストラン・ダイニング,restaurant-dining,/stories/restaurant-dining/adachi/,C,薄め/様子見,1-2,
305,足立区,adachi,区,706352,下町・住宅・庶民,カフェ・スペシャルティコーヒー,cafe-specialty-coffee,/stories/cafe-specialty-coffee/adachi/,A,主力・最優先,3-5,
306,足立区,adachi,区,706352,下町・住宅・庶民,バー・ウイスキー・カクテル,bar-whiskey,/stories/bar-whiskey/adachi/,C,薄め/様子見,1-2,
307,足立区,adachi,区,706352,下町・住宅・庶民,スパ・サウナ・ウェルネス施設,spa-sauna-wellness,/stories/spa-sauna-wellness/adachi/,B,標準,2-3,
308,足立区,adachi,区,706352,下町・住宅・庶民,高級サロン・プライベートサロン,premium-salon,/stories/premium-salon/adachi/,B,標準,2-3,
309,足立区,adachi,区,706352,下町・住宅・庶民,コワーキング・シェアオフィス,coworking,/stories/coworking/adachi/,C,薄め/様子見,1-2,
310,足立区,adachi,区,706352,下町・住宅・庶民,会員制ラウンジ・クラブ,members-lounge,/stories/members-lounge/adachi/,C,薄め/様子見,1-2,
311,足立区,adachi,区,706352,下町・住宅・庶民,山・自然体験・グランピング,nature-glamping,/stories/nature-glamping/adachi/,D,都心は対象外/親統合,0,
312,足立区,adachi,区,706352,下町・住宅・庶民,リトリート・禅体験,retreat-zen,/stories/retreat-zen/adachi/,C,薄め/様子見,1-2,
313,足立区,adachi,区,706352,下町・住宅・庶民,神社・寺院・パワースポット,shrine-temple,/stories/shrine-temple/adachi/,B,標準,2-3,
314,足立区,adachi,区,706352,下町・住宅・庶民,インバウンド観光・体験施設,inbound-experience,/stories/inbound-experience/adachi/,B,標準,2-3,
315,足立区,adachi,区,706352,下町・住宅・庶民,文化・スポーツ・レジャー施設,culture-sports-leisure,/stories/culture-sports-leisure/adachi/,C,薄め/様子見,1-2,
316,葛飾区,katsushika,区,461493,下町・住宅・寅さん,高級ホテル・ホテルラウンジ,hotel-lounge,/stories/hotel-lounge/katsushika/,C,薄め/様子見,1-2,
317,葛飾区,katsushika,区,461493,下町・住宅・寅さん,温泉旅館・高級旅館,onsen-ryokan,/stories/onsen-ryokan/katsushika/,D,原則対象外/親統合,0,
318,葛飾区,katsushika,区,461493,下町・住宅・寅さん,貸切ヴィラ・一棟貸しの宿,villa-rental,/stories/villa-rental/katsushika/,C,限定的/要確認,1-2,
319,葛飾区,katsushika,区,461493,下町・住宅・寅さん,レストラン・ダイニング,restaurant-dining,/stories/restaurant-dining/katsushika/,C,薄め/様子見,1-2,
320,葛飾区,katsushika,区,461493,下町・住宅・寅さん,カフェ・スペシャルティコーヒー,cafe-specialty-coffee,/stories/cafe-specialty-coffee/katsushika/,A,主力・最優先,3-5,
321,葛飾区,katsushika,区,461493,下町・住宅・寅さん,バー・ウイスキー・カクテル,bar-whiskey,/stories/bar-whiskey/katsushika/,C,薄め/様子見,1-2,
322,葛飾区,katsushika,区,461493,下町・住宅・寅さん,スパ・サウナ・ウェルネス施設,spa-sauna-wellness,/stories/spa-sauna-wellness/katsushika/,B,標準,2-3,
323,葛飾区,katsushika,区,461493,下町・住宅・寅さん,高級サロン・プライベートサロン,premium-salon,/stories/premium-salon/katsushika/,B,標準,2-3,
324,葛飾区,katsushika,区,461493,下町・住宅・寅さん,コワーキング・シェアオフィス,coworking,/stories/coworking/katsushika/,C,薄め/様子見,1-2,
325,葛飾区,katsushika,区,461493,下町・住宅・寅さん,会員制ラウンジ・クラブ,members-lounge,/stories/members-lounge/katsushika/,C,薄め/様子見,1-2,
326,葛飾区,katsushika,区,461493,下町・住宅・寅さん,山・自然体験・グランピング,nature-glamping,/stories/nature-glamping/katsushika/,D,都心は対象外/親統合,0,
327,葛飾区,katsushika,区,461493,下町・住宅・寅さん,リトリート・禅体験,retreat-zen,/stories/retreat-zen/katsushika/,C,薄め/様子見,1-2,
328,葛飾区,katsushika,区,461493,下町・住宅・寅さん,神社・寺院・パワースポット,shrine-temple,/stories/shrine-temple/katsushika/,B,標準,2-3,
329,葛飾区,katsushika,区,461493,下町・住宅・寅さん,インバウンド観光・体験施設,inbound-experience,/stories/inbound-experience/katsushika/,B,標準,2-3,
330,葛飾区,katsushika,区,461493,下町・住宅・寅さん,文化・スポーツ・レジャー施設,culture-sports-leisure,/stories/culture-sports-leisure/katsushika/,C,薄め/様子見,1-2,
331,江戸川区,edogawa,区,698249,住宅・臨海・ファミリー,高級ホテル・ホテルラウンジ,hotel-lounge,/stories/hotel-lounge/edogawa/,C,薄め/様子見,1-2,
332,江戸川区,edogawa,区,698249,住宅・臨海・ファミリー,温泉旅館・高級旅館,onsen-ryokan,/stories/onsen-ryokan/edogawa/,D,原則対象外/親統合,0,
333,江戸川区,edogawa,区,698249,住宅・臨海・ファミリー,貸切ヴィラ・一棟貸しの宿,villa-rental,/stories/villa-rental/edogawa/,D,原則対象外/親統合,0,
334,江戸川区,edogawa,区,698249,住宅・臨海・ファミリー,レストラン・ダイニング,restaurant-dining,/stories/restaurant-dining/edogawa/,C,薄め/様子見,1-2,
335,江戸川区,edogawa,区,698249,住宅・臨海・ファミリー,カフェ・スペシャルティコーヒー,cafe-specialty-coffee,/stories/cafe-specialty-coffee/edogawa/,B,標準,2-3,
336,江戸川区,edogawa,区,698249,住宅・臨海・ファミリー,バー・ウイスキー・カクテル,bar-whiskey,/stories/bar-whiskey/edogawa/,C,薄め/様子見,1-2,
337,江戸川区,edogawa,区,698249,住宅・臨海・ファミリー,スパ・サウナ・ウェルネス施設,spa-sauna-wellness,/stories/spa-sauna-wellness/edogawa/,B,標準,2-3,
338,江戸川区,edogawa,区,698249,住宅・臨海・ファミリー,高級サロン・プライベートサロン,premium-salon,/stories/premium-salon/edogawa/,B,標準,2-3,
339,江戸川区,edogawa,区,698249,住宅・臨海・ファミリー,コワーキング・シェアオフィス,coworking,/stories/coworking/edogawa/,C,薄め/様子見,1-2,
340,江戸川区,edogawa,区,698249,住宅・臨海・ファミリー,会員制ラウンジ・クラブ,members-lounge,/stories/members-lounge/edogawa/,C,薄め/様子見,1-2,
341,江戸川区,edogawa,区,698249,住宅・臨海・ファミリー,山・自然体験・グランピング,nature-glamping,/stories/nature-glamping/edogawa/,C,限定的,1-2,
342,江戸川区,edogawa,区,698249,住宅・臨海・ファミリー,リトリート・禅体験,retreat-zen,/stories/retreat-zen/edogawa/,C,薄め/様子見,1-2,
343,江戸川区,edogawa,区,698249,住宅・臨海・ファミリー,神社・寺院・パワースポット,shrine-temple,/stories/shrine-temple/edogawa/,C,薄め/様子見,1-2,
344,江戸川区,edogawa,区,698249,住宅・臨海・ファミリー,インバウンド観光・体験施設,inbound-experience,/stories/inbound-experience/edogawa/,C,薄め/様子見,1-2,
345,江戸川区,edogawa,区,698249,住宅・臨海・ファミリー,文化・スポーツ・レジャー施設,culture-sports-leisure,/stories/culture-sports-leisure/edogawa/,B,標準,2-3,
346,八王子市,hachioji,市,576747,学園都市・自然・繁華街・観光,高級ホテル・ホテルラウンジ,hotel-lounge,/stories/hotel-lounge/hachioji/,B,標準,2-3,
347,八王子市,hachioji,市,576747,学園都市・自然・繁華街・観光,温泉旅館・高級旅館,onsen-ryokan,/stories/onsen-ryokan/hachioji/,C,成立余地あり/要実在確認,1-2,
348,八王子市,hachioji,市,576747,学園都市・自然・繁華街・観光,貸切ヴィラ・一棟貸しの宿,villa-rental,/stories/villa-rental/hachioji/,C,成立余地あり/要実在確認,1-2,
349,八王子市,hachioji,市,576747,学園都市・自然・繁華街・観光,レストラン・ダイニング,restaurant-dining,/stories/restaurant-dining/hachioji/,B,標準,2-3,
350,八王子市,hachioji,市,576747,学園都市・自然・繁華街・観光,カフェ・スペシャルティコーヒー,cafe-specialty-coffee,/stories/cafe-specialty-coffee/hachioji/,C,薄め/様子見,1-2,
351,八王子市,hachioji,市,576747,学園都市・自然・繁華街・観光,バー・ウイスキー・カクテル,bar-whiskey,/stories/bar-whiskey/hachioji/,B,標準,2-3,
352,八王子市,hachioji,市,576747,学園都市・自然・繁華街・観光,スパ・サウナ・ウェルネス施設,spa-sauna-wellness,/stories/spa-sauna-wellness/hachioji/,B,標準,2-3,
353,八王子市,hachioji,市,576747,学園都市・自然・繁華街・観光,高級サロン・プライベートサロン,premium-salon,/stories/premium-salon/hachioji/,C,薄め/様子見,1-2,
354,八王子市,hachioji,市,576747,学園都市・自然・繁華街・観光,コワーキング・シェアオフィス,coworking,/stories/coworking/hachioji/,B,標準,2-3,
355,八王子市,hachioji,市,576747,学園都市・自然・繁華街・観光,会員制ラウンジ・クラブ,members-lounge,/stories/members-lounge/hachioji/,C,薄め/様子見,1-2,
356,八王子市,hachioji,市,576747,学園都市・自然・繁華街・観光,山・自然体験・グランピング,nature-glamping,/stories/nature-glamping/hachioji/,C,限定的,1-2,
357,八王子市,hachioji,市,576747,学園都市・自然・繁華街・観光,リトリート・禅体験,retreat-zen,/stories/retreat-zen/hachioji/,B,標準,2-3,
358,八王子市,hachioji,市,576747,学園都市・自然・繁華街・観光,神社・寺院・パワースポット,shrine-temple,/stories/shrine-temple/hachioji/,B,標準,2-3,
359,八王子市,hachioji,市,576747,学園都市・自然・繁華街・観光,インバウンド観光・体験施設,inbound-experience,/stories/inbound-experience/hachioji/,B,標準,2-3,
360,八王子市,hachioji,市,576747,学園都市・自然・繁華街・観光,文化・スポーツ・レジャー施設,culture-sports-leisure,/stories/culture-sports-leisure/hachioji/,B,標準,2-3,
361,立川市,tachikawa,市,186487,商業・再開発・繁華街・交通,高級ホテル・ホテルラウンジ,hotel-lounge,/stories/hotel-lounge/tachikawa/,A,主力・最優先,3-5,
362,立川市,tachikawa,市,186487,商業・再開発・繁華街・交通,温泉旅館・高級旅館,onsen-ryokan,/stories/onsen-ryokan/tachikawa/,D,原則対象外/親統合,0,
363,立川市,tachikawa,市,186487,商業・再開発・繁華街・交通,貸切ヴィラ・一棟貸しの宿,villa-rental,/stories/villa-rental/tachikawa/,D,原則対象外/親統合,0,
364,立川市,tachikawa,市,186487,商業・再開発・繁華街・交通,レストラン・ダイニング,restaurant-dining,/stories/restaurant-dining/tachikawa/,A,主力・最優先,3-5,
365,立川市,tachikawa,市,186487,商業・再開発・繁華街・交通,カフェ・スペシャルティコーヒー,cafe-specialty-coffee,/stories/cafe-specialty-coffee/tachikawa/,C,薄め/様子見,1-2,
366,立川市,tachikawa,市,186487,商業・再開発・繁華街・交通,バー・ウイスキー・カクテル,bar-whiskey,/stories/bar-whiskey/tachikawa/,B,標準,2-3,
367,立川市,tachikawa,市,186487,商業・再開発・繁華街・交通,スパ・サウナ・ウェルネス施設,spa-sauna-wellness,/stories/spa-sauna-wellness/tachikawa/,A,主力・最優先,3-5,
368,立川市,tachikawa,市,186487,商業・再開発・繁華街・交通,高級サロン・プライベートサロン,premium-salon,/stories/premium-salon/tachikawa/,C,薄め/様子見,1-2,
369,立川市,tachikawa,市,186487,商業・再開発・繁華街・交通,コワーキング・シェアオフィス,coworking,/stories/coworking/tachikawa/,A,主力・最優先,3-5,
370,立川市,tachikawa,市,186487,商業・再開発・繁華街・交通,会員制ラウンジ・クラブ,members-lounge,/stories/members-lounge/tachikawa/,C,薄め/様子見,1-2,
371,立川市,tachikawa,市,186487,商業・再開発・繁華街・交通,山・自然体験・グランピング,nature-glamping,/stories/nature-glamping/tachikawa/,D,都心は対象外/親統合,0,
372,立川市,tachikawa,市,186487,商業・再開発・繁華街・交通,リトリート・禅体験,retreat-zen,/stories/retreat-zen/tachikawa/,C,薄め/様子見,1-2,
373,立川市,tachikawa,市,186487,商業・再開発・繁華街・交通,神社・寺院・パワースポット,shrine-temple,/stories/shrine-temple/tachikawa/,C,薄め/様子見,1-2,
374,立川市,tachikawa,市,186487,商業・再開発・繁華街・交通,インバウンド観光・体験施設,inbound-experience,/stories/inbound-experience/tachikawa/,C,薄め/様子見,1-2,
375,立川市,tachikawa,市,186487,商業・再開発・繁華街・交通,文化・スポーツ・レジャー施設,culture-sports-leisure,/stories/culture-sports-leisure/tachikawa/,A,主力・最優先,3-5,
376,武蔵野市,musashino,市,150683,吉祥寺・人気・公園・住宅,高級ホテル・ホテルラウンジ,hotel-lounge,/stories/hotel-lounge/musashino/,C,薄め/様子見,1-2,
377,武蔵野市,musashino,市,150683,吉祥寺・人気・公園・住宅,温泉旅館・高級旅館,onsen-ryokan,/stories/onsen-ryokan/musashino/,D,原則対象外/親統合,0,
378,武蔵野市,musashino,市,150683,吉祥寺・人気・公園・住宅,貸切ヴィラ・一棟貸しの宿,villa-rental,/stories/villa-rental/musashino/,D,原則対象外/親統合,0,
379,武蔵野市,musashino,市,150683,吉祥寺・人気・公園・住宅,レストラン・ダイニング,restaurant-dining,/stories/restaurant-dining/musashino/,C,薄め/様子見,1-2,
380,武蔵野市,musashino,市,150683,吉祥寺・人気・公園・住宅,カフェ・スペシャルティコーヒー,cafe-specialty-coffee,/stories/cafe-specialty-coffee/musashino/,B,標準,2-3,
381,武蔵野市,musashino,市,150683,吉祥寺・人気・公園・住宅,バー・ウイスキー・カクテル,bar-whiskey,/stories/bar-whiskey/musashino/,C,薄め/様子見,1-2,
382,武蔵野市,musashino,市,150683,吉祥寺・人気・公園・住宅,スパ・サウナ・ウェルネス施設,spa-sauna-wellness,/stories/spa-sauna-wellness/musashino/,B,標準,2-3,
383,武蔵野市,musashino,市,150683,吉祥寺・人気・公園・住宅,高級サロン・プライベートサロン,premium-salon,/stories/premium-salon/musashino/,B,標準,2-3,
384,武蔵野市,musashino,市,150683,吉祥寺・人気・公園・住宅,コワーキング・シェアオフィス,coworking,/stories/coworking/musashino/,C,薄め/様子見,1-2,
385,武蔵野市,musashino,市,150683,吉祥寺・人気・公園・住宅,会員制ラウンジ・クラブ,members-lounge,/stories/members-lounge/musashino/,C,薄め/様子見,1-2,
386,武蔵野市,musashino,市,150683,吉祥寺・人気・公園・住宅,山・自然体験・グランピング,nature-glamping,/stories/nature-glamping/musashino/,C,限定的,1-2,
387,武蔵野市,musashino,市,150683,吉祥寺・人気・公園・住宅,リトリート・禅体験,retreat-zen,/stories/retreat-zen/musashino/,B,標準,2-3,
388,武蔵野市,musashino,市,150683,吉祥寺・人気・公園・住宅,神社・寺院・パワースポット,shrine-temple,/stories/shrine-temple/musashino/,B,標準,2-3,
389,武蔵野市,musashino,市,150683,吉祥寺・人気・公園・住宅,インバウンド観光・体験施設,inbound-experience,/stories/inbound-experience/musashino/,C,薄め/様子見,1-2,
390,武蔵野市,musashino,市,150683,吉祥寺・人気・公園・住宅,文化・スポーツ・レジャー施設,culture-sports-leisure,/stories/culture-sports-leisure/musashino/,B,標準,2-3,
391,三鷹市,mitaka,市,196482,住宅・文化・ジブリ・閑静,高級ホテル・ホテルラウンジ,hotel-lounge,/stories/hotel-lounge/mitaka/,C,薄め/様子見,1-2,
392,三鷹市,mitaka,市,196482,住宅・文化・ジブリ・閑静,温泉旅館・高級旅館,onsen-ryokan,/stories/onsen-ryokan/mitaka/,D,原則対象外/親統合,0,
393,三鷹市,mitaka,市,196482,住宅・文化・ジブリ・閑静,貸切ヴィラ・一棟貸しの宿,villa-rental,/stories/villa-rental/mitaka/,D,原則対象外/親統合,0,
394,三鷹市,mitaka,市,196482,住宅・文化・ジブリ・閑静,レストラン・ダイニング,restaurant-dining,/stories/restaurant-dining/mitaka/,C,薄め/様子見,1-2,
395,三鷹市,mitaka,市,196482,住宅・文化・ジブリ・閑静,カフェ・スペシャルティコーヒー,cafe-specialty-coffee,/stories/cafe-specialty-coffee/mitaka/,A,主力・最優先,3-5,
396,三鷹市,mitaka,市,196482,住宅・文化・ジブリ・閑静,バー・ウイスキー・カクテル,bar-whiskey,/stories/bar-whiskey/mitaka/,C,薄め/様子見,1-2,
397,三鷹市,mitaka,市,196482,住宅・文化・ジブリ・閑静,スパ・サウナ・ウェルネス施設,spa-sauna-wellness,/stories/spa-sauna-wellness/mitaka/,B,標準,2-3,
398,三鷹市,mitaka,市,196482,住宅・文化・ジブリ・閑静,高級サロン・プライベートサロン,premium-salon,/stories/premium-salon/mitaka/,B,標準,2-3,
399,三鷹市,mitaka,市,196482,住宅・文化・ジブリ・閑静,コワーキング・シェアオフィス,coworking,/stories/coworking/mitaka/,C,薄め/様子見,1-2,
400,三鷹市,mitaka,市,196482,住宅・文化・ジブリ・閑静,会員制ラウンジ・クラブ,members-lounge,/stories/members-lounge/mitaka/,C,薄め/様子見,1-2,
401,三鷹市,mitaka,市,196482,住宅・文化・ジブリ・閑静,山・自然体験・グランピング,nature-glamping,/stories/nature-glamping/mitaka/,D,都心は対象外/親統合,0,
402,三鷹市,mitaka,市,196482,住宅・文化・ジブリ・閑静,リトリート・禅体験,retreat-zen,/stories/retreat-zen/mitaka/,A,主力・最優先,3-5,
403,三鷹市,mitaka,市,196482,住宅・文化・ジブリ・閑静,神社・寺院・パワースポット,shrine-temple,/stories/shrine-temple/mitaka/,B,標準,2-3,
404,三鷹市,mitaka,市,196482,住宅・文化・ジブリ・閑静,インバウンド観光・体験施設,inbound-experience,/stories/inbound-experience/mitaka/,B,標準,2-3,
405,三鷹市,mitaka,市,196482,住宅・文化・ジブリ・閑静,文化・スポーツ・レジャー施設,culture-sports-leisure,/stories/culture-sports-leisure/mitaka/,B,標準,2-3,
406,青梅市,ome,市,129922,自然・山・観光・宿場,高級ホテル・ホテルラウンジ,hotel-lounge,/stories/hotel-lounge/ome/,B,標準,2-3,
407,青梅市,ome,市,129922,自然・山・観光・宿場,温泉旅館・高級旅館,onsen-ryokan,/stories/onsen-ryokan/ome/,C,成立余地あり/要実在確認,1-2,
408,青梅市,ome,市,129922,自然・山・観光・宿場,貸切ヴィラ・一棟貸しの宿,villa-rental,/stories/villa-rental/ome/,C,成立余地あり/要実在確認,1-2,
409,青梅市,ome,市,129922,自然・山・観光・宿場,レストラン・ダイニング,restaurant-dining,/stories/restaurant-dining/ome/,C,薄め/様子見,1-2,
410,青梅市,ome,市,129922,自然・山・観光・宿場,カフェ・スペシャルティコーヒー,cafe-specialty-coffee,/stories/cafe-specialty-coffee/ome/,C,薄め/様子見,1-2,
411,青梅市,ome,市,129922,自然・山・観光・宿場,バー・ウイスキー・カクテル,bar-whiskey,/stories/bar-whiskey/ome/,C,薄め/様子見,1-2,
412,青梅市,ome,市,129922,自然・山・観光・宿場,スパ・サウナ・ウェルネス施設,spa-sauna-wellness,/stories/spa-sauna-wellness/ome/,C,薄め/様子見,1-2,
413,青梅市,ome,市,129922,自然・山・観光・宿場,高級サロン・プライベートサロン,premium-salon,/stories/premium-salon/ome/,C,薄め/様子見,1-2,
414,青梅市,ome,市,129922,自然・山・観光・宿場,コワーキング・シェアオフィス,coworking,/stories/coworking/ome/,C,薄め/様子見,1-2,
415,青梅市,ome,市,129922,自然・山・観光・宿場,会員制ラウンジ・クラブ,members-lounge,/stories/members-lounge/ome/,C,薄め/様子見,1-2,
416,青梅市,ome,市,129922,自然・山・観光・宿場,山・自然体験・グランピング,nature-glamping,/stories/nature-glamping/ome/,B,郊外で成立余地,2-3,
417,青梅市,ome,市,129922,自然・山・観光・宿場,リトリート・禅体験,retreat-zen,/stories/retreat-zen/ome/,A,主力・最優先,3-5,
418,青梅市,ome,市,129922,自然・山・観光・宿場,神社・寺院・パワースポット,shrine-temple,/stories/shrine-temple/ome/,A,主力・最優先,3-5,
419,青梅市,ome,市,129922,自然・山・観光・宿場,インバウンド観光・体験施設,inbound-experience,/stories/inbound-experience/ome/,B,標準,2-3,
420,青梅市,ome,市,129922,自然・山・観光・宿場,文化・スポーツ・レジャー施設,culture-sports-leisure,/stories/culture-sports-leisure/ome/,B,標準,2-3,
421,府中市,fuchu,市,264725,住宅・競馬・神社・商業,高級ホテル・ホテルラウンジ,hotel-lounge,/stories/hotel-lounge/fuchu/,C,薄め/様子見,1-2,
422,府中市,fuchu,市,264725,住宅・競馬・神社・商業,温泉旅館・高級旅館,onsen-ryokan,/stories/onsen-ryokan/fuchu/,D,原則対象外/親統合,0,
423,府中市,fuchu,市,264725,住宅・競馬・神社・商業,貸切ヴィラ・一棟貸しの宿,villa-rental,/stories/villa-rental/fuchu/,D,原則対象外/親統合,0,
424,府中市,fuchu,市,264725,住宅・競馬・神社・商業,レストラン・ダイニング,restaurant-dining,/stories/restaurant-dining/fuchu/,B,標準,2-3,
425,府中市,fuchu,市,264725,住宅・競馬・神社・商業,カフェ・スペシャルティコーヒー,cafe-specialty-coffee,/stories/cafe-specialty-coffee/fuchu/,B,標準,2-3,
426,府中市,fuchu,市,264725,住宅・競馬・神社・商業,バー・ウイスキー・カクテル,bar-whiskey,/stories/bar-whiskey/fuchu/,C,薄め/様子見,1-2,
427,府中市,fuchu,市,264725,住宅・競馬・神社・商業,スパ・サウナ・ウェルネス施設,spa-sauna-wellness,/stories/spa-sauna-wellness/fuchu/,B,標準,2-3,
428,府中市,fuchu,市,264725,住宅・競馬・神社・商業,高級サロン・プライベートサロン,premium-salon,/stories/premium-salon/fuchu/,B,標準,2-3,
429,府中市,fuchu,市,264725,住宅・競馬・神社・商業,コワーキング・シェアオフィス,coworking,/stories/coworking/fuchu/,C,薄め/様子見,1-2,
430,府中市,fuchu,市,264725,住宅・競馬・神社・商業,会員制ラウンジ・クラブ,members-lounge,/stories/members-lounge/fuchu/,C,薄め/様子見,1-2,
431,府中市,fuchu,市,264725,住宅・競馬・神社・商業,山・自然体験・グランピング,nature-glamping,/stories/nature-glamping/fuchu/,D,都心は対象外/親統合,0,
432,府中市,fuchu,市,264725,住宅・競馬・神社・商業,リトリート・禅体験,retreat-zen,/stories/retreat-zen/fuchu/,C,薄め/様子見,1-2,
433,府中市,fuchu,市,264725,住宅・競馬・神社・商業,神社・寺院・パワースポット,shrine-temple,/stories/shrine-temple/fuchu/,B,標準,2-3,
434,府中市,fuchu,市,264725,住宅・競馬・神社・商業,インバウンド観光・体験施設,inbound-experience,/stories/inbound-experience/fuchu/,C,薄め/様子見,1-2,
435,府中市,fuchu,市,264725,住宅・競馬・神社・商業,文化・スポーツ・レジャー施設,culture-sports-leisure,/stories/culture-sports-leisure/fuchu/,A,主力・最優先,3-5,
436,昭島市,akishima,市,116285,住宅・ファミリー・商業,高級ホテル・ホテルラウンジ,hotel-lounge,/stories/hotel-lounge/akishima/,C,薄め/様子見,1-2,
437,昭島市,akishima,市,116285,住宅・ファミリー・商業,温泉旅館・高級旅館,onsen-ryokan,/stories/onsen-ryokan/akishima/,D,原則対象外/親統合,0,
438,昭島市,akishima,市,116285,住宅・ファミリー・商業,貸切ヴィラ・一棟貸しの宿,villa-rental,/stories/villa-rental/akishima/,D,原則対象外/親統合,0,
439,昭島市,akishima,市,116285,住宅・ファミリー・商業,レストラン・ダイニング,restaurant-dining,/stories/restaurant-dining/akishima/,B,標準,2-3,
440,昭島市,akishima,市,116285,住宅・ファミリー・商業,カフェ・スペシャルティコーヒー,cafe-specialty-coffee,/stories/cafe-specialty-coffee/akishima/,B,標準,2-3,
441,昭島市,akishima,市,116285,住宅・ファミリー・商業,バー・ウイスキー・カクテル,bar-whiskey,/stories/bar-whiskey/akishima/,C,薄め/様子見,1-2,
442,昭島市,akishima,市,116285,住宅・ファミリー・商業,スパ・サウナ・ウェルネス施設,spa-sauna-wellness,/stories/spa-sauna-wellness/akishima/,B,標準,2-3,
443,昭島市,akishima,市,116285,住宅・ファミリー・商業,高級サロン・プライベートサロン,premium-salon,/stories/premium-salon/akishima/,B,標準,2-3,
444,昭島市,akishima,市,116285,住宅・ファミリー・商業,コワーキング・シェアオフィス,coworking,/stories/coworking/akishima/,C,薄め/様子見,1-2,
445,昭島市,akishima,市,116285,住宅・ファミリー・商業,会員制ラウンジ・クラブ,members-lounge,/stories/members-lounge/akishima/,C,薄め/様子見,1-2,
446,昭島市,akishima,市,116285,住宅・ファミリー・商業,山・自然体験・グランピング,nature-glamping,/stories/nature-glamping/akishima/,D,都心は対象外/親統合,0,
447,昭島市,akishima,市,116285,住宅・ファミリー・商業,リトリート・禅体験,retreat-zen,/stories/retreat-zen/akishima/,C,薄め/様子見,1-2,
448,昭島市,akishima,市,116285,住宅・ファミリー・商業,神社・寺院・パワースポット,shrine-temple,/stories/shrine-temple/akishima/,C,薄め/様子見,1-2,
449,昭島市,akishima,市,116285,住宅・ファミリー・商業,インバウンド観光・体験施設,inbound-experience,/stories/inbound-experience/akishima/,C,薄め/様子見,1-2,
450,昭島市,akishima,市,116285,住宅・ファミリー・商業,文化・スポーツ・レジャー施設,culture-sports-leisure,/stories/culture-sports-leisure/akishima/,A,主力・最優先,3-5,
451,調布市,chofu,市,245875,住宅・映画・神社・閑静,高級ホテル・ホテルラウンジ,hotel-lounge,/stories/hotel-lounge/chofu/,C,薄め/様子見,1-2,
452,調布市,chofu,市,245875,住宅・映画・神社・閑静,温泉旅館・高級旅館,onsen-ryokan,/stories/onsen-ryokan/chofu/,D,原則対象外/親統合,0,
453,調布市,chofu,市,245875,住宅・映画・神社・閑静,貸切ヴィラ・一棟貸しの宿,villa-rental,/stories/villa-rental/chofu/,D,原則対象外/親統合,0,
454,調布市,chofu,市,245875,住宅・映画・神社・閑静,レストラン・ダイニング,restaurant-dining,/stories/restaurant-dining/chofu/,C,薄め/様子見,1-2,
455,調布市,chofu,市,245875,住宅・映画・神社・閑静,カフェ・スペシャルティコーヒー,cafe-specialty-coffee,/stories/cafe-specialty-coffee/chofu/,B,標準,2-3,
456,調布市,chofu,市,245875,住宅・映画・神社・閑静,バー・ウイスキー・カクテル,bar-whiskey,/stories/bar-whiskey/chofu/,C,薄め/様子見,1-2,
457,調布市,chofu,市,245875,住宅・映画・神社・閑静,スパ・サウナ・ウェルネス施設,spa-sauna-wellness,/stories/spa-sauna-wellness/chofu/,B,標準,2-3,
458,調布市,chofu,市,245875,住宅・映画・神社・閑静,高級サロン・プライベートサロン,premium-salon,/stories/premium-salon/chofu/,B,標準,2-3,
459,調布市,chofu,市,245875,住宅・映画・神社・閑静,コワーキング・シェアオフィス,coworking,/stories/coworking/chofu/,C,薄め/様子見,1-2,
460,調布市,chofu,市,245875,住宅・映画・神社・閑静,会員制ラウンジ・クラブ,members-lounge,/stories/members-lounge/chofu/,C,薄め/様子見,1-2,
461,調布市,chofu,市,245875,住宅・映画・神社・閑静,山・自然体験・グランピング,nature-glamping,/stories/nature-glamping/chofu/,D,都心は対象外/親統合,0,
462,調布市,chofu,市,245875,住宅・映画・神社・閑静,リトリート・禅体験,retreat-zen,/stories/retreat-zen/chofu/,B,標準,2-3,
463,調布市,chofu,市,245875,住宅・映画・神社・閑静,神社・寺院・パワースポット,shrine-temple,/stories/shrine-temple/chofu/,B,標準,2-3,
464,調布市,chofu,市,245875,住宅・映画・神社・閑静,インバウンド観光・体験施設,inbound-experience,/stories/inbound-experience/chofu/,B,標準,2-3,
465,調布市,chofu,市,245875,住宅・映画・神社・閑静,文化・スポーツ・レジャー施設,culture-sports-leisure,/stories/culture-sports-leisure/chofu/,B,標準,2-3,
466,町田市,machida,市,432409,商業・繁華街・自然・若者,高級ホテル・ホテルラウンジ,hotel-lounge,/stories/hotel-lounge/machida/,C,薄め/様子見,1-2,
467,町田市,machida,市,432409,商業・繁華街・自然・若者,温泉旅館・高級旅館,onsen-ryokan,/stories/onsen-ryokan/machida/,C,限定的/要確認,1-2,
468,町田市,machida,市,432409,商業・繁華街・自然・若者,貸切ヴィラ・一棟貸しの宿,villa-rental,/stories/villa-rental/machida/,C,限定的/要確認,1-2,
469,町田市,machida,市,432409,商業・繁華街・自然・若者,レストラン・ダイニング,restaurant-dining,/stories/restaurant-dining/machida/,A,主力・最優先,3-5,
470,町田市,machida,市,432409,商業・繁華街・自然・若者,カフェ・スペシャルティコーヒー,cafe-specialty-coffee,/stories/cafe-specialty-coffee/machida/,B,標準,2-3,
471,町田市,machida,市,432409,商業・繁華街・自然・若者,バー・ウイスキー・カクテル,bar-whiskey,/stories/bar-whiskey/machida/,B,標準,2-3,
472,町田市,machida,市,432409,商業・繁華街・自然・若者,スパ・サウナ・ウェルネス施設,spa-sauna-wellness,/stories/spa-sauna-wellness/machida/,B,標準,2-3,
473,町田市,machida,市,432409,商業・繁華街・自然・若者,高級サロン・プライベートサロン,premium-salon,/stories/premium-salon/machida/,C,薄め/様子見,1-2,
474,町田市,machida,市,432409,商業・繁華街・自然・若者,コワーキング・シェアオフィス,coworking,/stories/coworking/machida/,B,標準,2-3,
475,町田市,machida,市,432409,商業・繁華街・自然・若者,会員制ラウンジ・クラブ,members-lounge,/stories/members-lounge/machida/,C,薄め/様子見,1-2,
476,町田市,machida,市,432409,商業・繁華街・自然・若者,山・自然体験・グランピング,nature-glamping,/stories/nature-glamping/machida/,C,限定的,1-2,
477,町田市,machida,市,432409,商業・繁華街・自然・若者,リトリート・禅体験,retreat-zen,/stories/retreat-zen/machida/,B,標準,2-3,
478,町田市,machida,市,432409,商業・繁華街・自然・若者,神社・寺院・パワースポット,shrine-temple,/stories/shrine-temple/machida/,C,薄め/様子見,1-2,
479,町田市,machida,市,432409,商業・繁華街・自然・若者,インバウンド観光・体験施設,inbound-experience,/stories/inbound-experience/machida/,B,標準,2-3,
480,町田市,machida,市,432409,商業・繁華街・自然・若者,文化・スポーツ・レジャー施設,culture-sports-leisure,/stories/culture-sports-leisure/machida/,A,主力・最優先,3-5,
481,小金井市,koganei,市,128458,住宅・公園・閑静・文化,高級ホテル・ホテルラウンジ,hotel-lounge,/stories/hotel-lounge/koganei/,C,薄め/様子見,1-2,
482,小金井市,koganei,市,128458,住宅・公園・閑静・文化,温泉旅館・高級旅館,onsen-ryokan,/stories/onsen-ryokan/koganei/,D,原則対象外/親統合,0,
483,小金井市,koganei,市,128458,住宅・公園・閑静・文化,貸切ヴィラ・一棟貸しの宿,villa-rental,/stories/villa-rental/koganei/,D,原則対象外/親統合,0,
484,小金井市,koganei,市,128458,住宅・公園・閑静・文化,レストラン・ダイニング,restaurant-dining,/stories/restaurant-dining/koganei/,C,薄め/様子見,1-2,
485,小金井市,koganei,市,128458,住宅・公園・閑静・文化,カフェ・スペシャルティコーヒー,cafe-specialty-coffee,/stories/cafe-specialty-coffee/koganei/,A,主力・最優先,3-5,
486,小金井市,koganei,市,128458,住宅・公園・閑静・文化,バー・ウイスキー・カクテル,bar-whiskey,/stories/bar-whiskey/koganei/,C,薄め/様子見,1-2,
487,小金井市,koganei,市,128458,住宅・公園・閑静・文化,スパ・サウナ・ウェルネス施設,spa-sauna-wellness,/stories/spa-sauna-wellness/koganei/,B,標準,2-3,
488,小金井市,koganei,市,128458,住宅・公園・閑静・文化,高級サロン・プライベートサロン,premium-salon,/stories/premium-salon/koganei/,B,標準,2-3,
489,小金井市,koganei,市,128458,住宅・公園・閑静・文化,コワーキング・シェアオフィス,coworking,/stories/coworking/koganei/,C,薄め/様子見,1-2,
490,小金井市,koganei,市,128458,住宅・公園・閑静・文化,会員制ラウンジ・クラブ,members-lounge,/stories/members-lounge/koganei/,C,薄め/様子見,1-2,
491,小金井市,koganei,市,128458,住宅・公園・閑静・文化,山・自然体験・グランピング,nature-glamping,/stories/nature-glamping/koganei/,C,限定的,1-2,
492,小金井市,koganei,市,128458,住宅・公園・閑静・文化,リトリート・禅体験,retreat-zen,/stories/retreat-zen/koganei/,A,主力・最優先,3-5,
493,小金井市,koganei,市,128458,住宅・公園・閑静・文化,神社・寺院・パワースポット,shrine-temple,/stories/shrine-temple/koganei/,B,標準,2-3,
494,小金井市,koganei,市,128458,住宅・公園・閑静・文化,インバウンド観光・体験施設,inbound-experience,/stories/inbound-experience/koganei/,B,標準,2-3,
495,小金井市,koganei,市,128458,住宅・公園・閑静・文化,文化・スポーツ・レジャー施設,culture-sports-leisure,/stories/culture-sports-leisure/koganei/,A,主力・最優先,3-5,
496,小平市,kodaira,市,200849,住宅・閑静・ファミリー,高級ホテル・ホテルラウンジ,hotel-lounge,/stories/hotel-lounge/kodaira/,C,薄め/様子見,1-2,
497,小平市,kodaira,市,200849,住宅・閑静・ファミリー,温泉旅館・高級旅館,onsen-ryokan,/stories/onsen-ryokan/kodaira/,D,原則対象外/親統合,0,
498,小平市,kodaira,市,200849,住宅・閑静・ファミリー,貸切ヴィラ・一棟貸しの宿,villa-rental,/stories/villa-rental/kodaira/,D,原則対象外/親統合,0,
499,小平市,kodaira,市,200849,住宅・閑静・ファミリー,レストラン・ダイニング,restaurant-dining,/stories/restaurant-dining/kodaira/,C,薄め/様子見,1-2,
500,小平市,kodaira,市,200849,住宅・閑静・ファミリー,カフェ・スペシャルティコーヒー,cafe-specialty-coffee,/stories/cafe-specialty-coffee/kodaira/,B,標準,2-3,
501,小平市,kodaira,市,200849,住宅・閑静・ファミリー,バー・ウイスキー・カクテル,bar-whiskey,/stories/bar-whiskey/kodaira/,C,薄め/様子見,1-2,
502,小平市,kodaira,市,200849,住宅・閑静・ファミリー,スパ・サウナ・ウェルネス施設,spa-sauna-wellness,/stories/spa-sauna-wellness/kodaira/,B,標準,2-3,
503,小平市,kodaira,市,200849,住宅・閑静・ファミリー,高級サロン・プライベートサロン,premium-salon,/stories/premium-salon/kodaira/,B,標準,2-3,
504,小平市,kodaira,市,200849,住宅・閑静・ファミリー,コワーキング・シェアオフィス,coworking,/stories/coworking/kodaira/,C,薄め/様子見,1-2,
505,小平市,kodaira,市,200849,住宅・閑静・ファミリー,会員制ラウンジ・クラブ,members-lounge,/stories/members-lounge/kodaira/,C,薄め/様子見,1-2,
506,小平市,kodaira,市,200849,住宅・閑静・ファミリー,山・自然体験・グランピング,nature-glamping,/stories/nature-glamping/kodaira/,D,都心は対象外/親統合,0,
507,小平市,kodaira,市,200849,住宅・閑静・ファミリー,リトリート・禅体験,retreat-zen,/stories/retreat-zen/kodaira/,B,標準,2-3,
508,小平市,kodaira,市,200849,住宅・閑静・ファミリー,神社・寺院・パワースポット,shrine-temple,/stories/shrine-temple/kodaira/,C,薄め/様子見,1-2,
509,小平市,kodaira,市,200849,住宅・閑静・ファミリー,インバウンド観光・体験施設,inbound-experience,/stories/inbound-experience/kodaira/,C,薄め/様子見,1-2,
510,小平市,kodaira,市,200849,住宅・閑静・ファミリー,文化・スポーツ・レジャー施設,culture-sports-leisure,/stories/culture-sports-leisure/kodaira/,B,標準,2-3,
511,日野市,hino,市,192585,住宅・自然・川・ファミリー,高級ホテル・ホテルラウンジ,hotel-lounge,/stories/hotel-lounge/hino/,C,薄め/様子見,1-2,
512,日野市,hino,市,192585,住宅・自然・川・ファミリー,温泉旅館・高級旅館,onsen-ryokan,/stories/onsen-ryokan/hino/,C,限定的/要確認,1-2,
513,日野市,hino,市,192585,住宅・自然・川・ファミリー,貸切ヴィラ・一棟貸しの宿,villa-rental,/stories/villa-rental/hino/,C,限定的/要確認,1-2,
514,日野市,hino,市,192585,住宅・自然・川・ファミリー,レストラン・ダイニング,restaurant-dining,/stories/restaurant-dining/hino/,C,薄め/様子見,1-2,
515,日野市,hino,市,192585,住宅・自然・川・ファミリー,カフェ・スペシャルティコーヒー,cafe-specialty-coffee,/stories/cafe-specialty-coffee/hino/,B,標準,2-3,
516,日野市,hino,市,192585,住宅・自然・川・ファミリー,バー・ウイスキー・カクテル,bar-whiskey,/stories/bar-whiskey/hino/,C,薄め/様子見,1-2,
517,日野市,hino,市,192585,住宅・自然・川・ファミリー,スパ・サウナ・ウェルネス施設,spa-sauna-wellness,/stories/spa-sauna-wellness/hino/,B,標準,2-3,
518,日野市,hino,市,192585,住宅・自然・川・ファミリー,高級サロン・プライベートサロン,premium-salon,/stories/premium-salon/hino/,B,標準,2-3,
519,日野市,hino,市,192585,住宅・自然・川・ファミリー,コワーキング・シェアオフィス,coworking,/stories/coworking/hino/,C,薄め/様子見,1-2,
520,日野市,hino,市,192585,住宅・自然・川・ファミリー,会員制ラウンジ・クラブ,members-lounge,/stories/members-lounge/hino/,C,薄め/様子見,1-2,
521,日野市,hino,市,192585,住宅・自然・川・ファミリー,山・自然体験・グランピング,nature-glamping,/stories/nature-glamping/hino/,B,郊外で成立余地,2-3,
522,日野市,hino,市,192585,住宅・自然・川・ファミリー,リトリート・禅体験,retreat-zen,/stories/retreat-zen/hino/,B,標準,2-3,
523,日野市,hino,市,192585,住宅・自然・川・ファミリー,神社・寺院・パワースポット,shrine-temple,/stories/shrine-temple/hino/,C,薄め/様子見,1-2,
524,日野市,hino,市,192585,住宅・自然・川・ファミリー,インバウンド観光・体験施設,inbound-experience,/stories/inbound-experience/hino/,C,薄め/様子見,1-2,
525,日野市,hino,市,192585,住宅・自然・川・ファミリー,文化・スポーツ・レジャー施設,culture-sports-leisure,/stories/culture-sports-leisure/hino/,B,標準,2-3,
526,東村山市,higashimurayama,市,152377,住宅・寺・閑静,高級ホテル・ホテルラウンジ,hotel-lounge,/stories/hotel-lounge/higashimurayama/,C,薄め/様子見,1-2,
527,東村山市,higashimurayama,市,152377,住宅・寺・閑静,温泉旅館・高級旅館,onsen-ryokan,/stories/onsen-ryokan/higashimurayama/,D,原則対象外/親統合,0,
528,東村山市,higashimurayama,市,152377,住宅・寺・閑静,貸切ヴィラ・一棟貸しの宿,villa-rental,/stories/villa-rental/higashimurayama/,D,原則対象外/親統合,0,
529,東村山市,higashimurayama,市,152377,住宅・寺・閑静,レストラン・ダイニング,restaurant-dining,/stories/restaurant-dining/higashimurayama/,C,薄め/様子見,1-2,
530,東村山市,higashimurayama,市,152377,住宅・寺・閑静,カフェ・スペシャルティコーヒー,cafe-specialty-coffee,/stories/cafe-specialty-coffee/higashimurayama/,B,標準,2-3,
531,東村山市,higashimurayama,市,152377,住宅・寺・閑静,バー・ウイスキー・カクテル,bar-whiskey,/stories/bar-whiskey/higashimurayama/,C,薄め/様子見,1-2,
532,東村山市,higashimurayama,市,152377,住宅・寺・閑静,スパ・サウナ・ウェルネス施設,spa-sauna-wellness,/stories/spa-sauna-wellness/higashimurayama/,B,標準,2-3,
533,東村山市,higashimurayama,市,152377,住宅・寺・閑静,高級サロン・プライベートサロン,premium-salon,/stories/premium-salon/higashimurayama/,B,標準,2-3,
534,東村山市,higashimurayama,市,152377,住宅・寺・閑静,コワーキング・シェアオフィス,coworking,/stories/coworking/higashimurayama/,C,薄め/様子見,1-2,
535,東村山市,higashimurayama,市,152377,住宅・寺・閑静,会員制ラウンジ・クラブ,members-lounge,/stories/members-lounge/higashimurayama/,C,薄め/様子見,1-2,
536,東村山市,higashimurayama,市,152377,住宅・寺・閑静,山・自然体験・グランピング,nature-glamping,/stories/nature-glamping/higashimurayama/,D,都心は対象外/親統合,0,
537,東村山市,higashimurayama,市,152377,住宅・寺・閑静,リトリート・禅体験,retreat-zen,/stories/retreat-zen/higashimurayama/,A,主力・最優先,3-5,
538,東村山市,higashimurayama,市,152377,住宅・寺・閑静,神社・寺院・パワースポット,shrine-temple,/stories/shrine-temple/higashimurayama/,B,標準,2-3,
539,東村山市,higashimurayama,市,152377,住宅・寺・閑静,インバウンド観光・体験施設,inbound-experience,/stories/inbound-experience/higashimurayama/,C,薄め/様子見,1-2,
540,東村山市,higashimurayama,市,152377,住宅・寺・閑静,文化・スポーツ・レジャー施設,culture-sports-leisure,/stories/culture-sports-leisure/higashimurayama/,C,薄め/様子見,1-2,
541,国分寺市,kokubunji,市,132928,住宅・閑静・崖線・文化,高級ホテル・ホテルラウンジ,hotel-lounge,/stories/hotel-lounge/kokubunji/,C,薄め/様子見,1-2,
542,国分寺市,kokubunji,市,132928,住宅・閑静・崖線・文化,温泉旅館・高級旅館,onsen-ryokan,/stories/onsen-ryokan/kokubunji/,D,原則対象外/親統合,0,
543,国分寺市,kokubunji,市,132928,住宅・閑静・崖線・文化,貸切ヴィラ・一棟貸しの宿,villa-rental,/stories/villa-rental/kokubunji/,D,原則対象外/親統合,0,
544,国分寺市,kokubunji,市,132928,住宅・閑静・崖線・文化,レストラン・ダイニング,restaurant-dining,/stories/restaurant-dining/kokubunji/,C,薄め/様子見,1-2,
545,国分寺市,kokubunji,市,132928,住宅・閑静・崖線・文化,カフェ・スペシャルティコーヒー,cafe-specialty-coffee,/stories/cafe-specialty-coffee/kokubunji/,A,主力・最優先,3-5,
546,国分寺市,kokubunji,市,132928,住宅・閑静・崖線・文化,バー・ウイスキー・カクテル,bar-whiskey,/stories/bar-whiskey/kokubunji/,C,薄め/様子見,1-2,
547,国分寺市,kokubunji,市,132928,住宅・閑静・崖線・文化,スパ・サウナ・ウェルネス施設,spa-sauna-wellness,/stories/spa-sauna-wellness/kokubunji/,B,標準,2-3,
548,国分寺市,kokubunji,市,132928,住宅・閑静・崖線・文化,高級サロン・プライベートサロン,premium-salon,/stories/premium-salon/kokubunji/,B,標準,2-3,
549,国分寺市,kokubunji,市,132928,住宅・閑静・崖線・文化,コワーキング・シェアオフィス,coworking,/stories/coworking/kokubunji/,C,薄め/様子見,1-2,
550,国分寺市,kokubunji,市,132928,住宅・閑静・崖線・文化,会員制ラウンジ・クラブ,members-lounge,/stories/members-lounge/kokubunji/,C,薄め/様子見,1-2,
551,国分寺市,kokubunji,市,132928,住宅・閑静・崖線・文化,山・自然体験・グランピング,nature-glamping,/stories/nature-glamping/kokubunji/,D,都心は対象外/親統合,0,
552,国分寺市,kokubunji,市,132928,住宅・閑静・崖線・文化,リトリート・禅体験,retreat-zen,/stories/retreat-zen/kokubunji/,A,主力・最優先,3-5,
553,国分寺市,kokubunji,市,132928,住宅・閑静・崖線・文化,神社・寺院・パワースポット,shrine-temple,/stories/shrine-temple/kokubunji/,B,標準,2-3,
554,国分寺市,kokubunji,市,132928,住宅・閑静・崖線・文化,インバウンド観光・体験施設,inbound-experience,/stories/inbound-experience/kokubunji/,B,標準,2-3,
555,国分寺市,kokubunji,市,132928,住宅・閑静・崖線・文化,文化・スポーツ・レジャー施設,culture-sports-leisure,/stories/culture-sports-leisure/kokubunji/,B,標準,2-3,
556,国立市,kunitachi,市,77038,学園・洗練・並木・閑静,高級ホテル・ホテルラウンジ,hotel-lounge,/stories/hotel-lounge/kunitachi/,C,薄め/様子見,1-2,
557,国立市,kunitachi,市,77038,学園・洗練・並木・閑静,温泉旅館・高級旅館,onsen-ryokan,/stories/onsen-ryokan/kunitachi/,D,原則対象外/親統合,0,
558,国立市,kunitachi,市,77038,学園・洗練・並木・閑静,貸切ヴィラ・一棟貸しの宿,villa-rental,/stories/villa-rental/kunitachi/,D,原則対象外/親統合,0,
559,国立市,kunitachi,市,77038,学園・洗練・並木・閑静,レストラン・ダイニング,restaurant-dining,/stories/restaurant-dining/kunitachi/,C,薄め/様子見,1-2,
560,国立市,kunitachi,市,77038,学園・洗練・並木・閑静,カフェ・スペシャルティコーヒー,cafe-specialty-coffee,/stories/cafe-specialty-coffee/kunitachi/,B,標準,2-3,
561,国立市,kunitachi,市,77038,学園・洗練・並木・閑静,バー・ウイスキー・カクテル,bar-whiskey,/stories/bar-whiskey/kunitachi/,C,薄め/様子見,1-2,
562,国立市,kunitachi,市,77038,学園・洗練・並木・閑静,スパ・サウナ・ウェルネス施設,spa-sauna-wellness,/stories/spa-sauna-wellness/kunitachi/,C,薄め/様子見,1-2,
563,国立市,kunitachi,市,77038,学園・洗練・並木・閑静,高級サロン・プライベートサロン,premium-salon,/stories/premium-salon/kunitachi/,B,標準,2-3,
564,国立市,kunitachi,市,77038,学園・洗練・並木・閑静,コワーキング・シェアオフィス,coworking,/stories/coworking/kunitachi/,B,標準,2-3,
565,国立市,kunitachi,市,77038,学園・洗練・並木・閑静,会員制ラウンジ・クラブ,members-lounge,/stories/members-lounge/kunitachi/,C,薄め/様子見,1-2,
566,国立市,kunitachi,市,77038,学園・洗練・並木・閑静,山・自然体験・グランピング,nature-glamping,/stories/nature-glamping/kunitachi/,D,都心は対象外/親統合,0,
567,国立市,kunitachi,市,77038,学園・洗練・並木・閑静,リトリート・禅体験,retreat-zen,/stories/retreat-zen/kunitachi/,B,標準,2-3,
568,国立市,kunitachi,市,77038,学園・洗練・並木・閑静,神社・寺院・パワースポット,shrine-temple,/stories/shrine-temple/kunitachi/,C,薄め/様子見,1-2,
569,国立市,kunitachi,市,77038,学園・洗練・並木・閑静,インバウンド観光・体験施設,inbound-experience,/stories/inbound-experience/kunitachi/,C,薄め/様子見,1-2,
570,国立市,kunitachi,市,77038,学園・洗練・並木・閑静,文化・スポーツ・レジャー施設,culture-sports-leisure,/stories/culture-sports-leisure/kunitachi/,C,薄め/様子見,1-2,
571,福生市,fussa,市,56186,米軍基地・国際・横田・個性,高級ホテル・ホテルラウンジ,hotel-lounge,/stories/hotel-lounge/fussa/,B,標準,2-3,
572,福生市,fussa,市,56186,米軍基地・国際・横田・個性,温泉旅館・高級旅館,onsen-ryokan,/stories/onsen-ryokan/fussa/,D,原則対象外/親統合,0,
573,福生市,fussa,市,56186,米軍基地・国際・横田・個性,貸切ヴィラ・一棟貸しの宿,villa-rental,/stories/villa-rental/fussa/,D,原則対象外/親統合,0,
574,福生市,fussa,市,56186,米軍基地・国際・横田・個性,レストラン・ダイニング,restaurant-dining,/stories/restaurant-dining/fussa/,B,標準,2-3,
575,福生市,fussa,市,56186,米軍基地・国際・横田・個性,カフェ・スペシャルティコーヒー,cafe-specialty-coffee,/stories/cafe-specialty-coffee/fussa/,C,薄め/様子見,1-2,
576,福生市,fussa,市,56186,米軍基地・国際・横田・個性,バー・ウイスキー・カクテル,bar-whiskey,/stories/bar-whiskey/fussa/,B,標準,2-3,
577,福生市,fussa,市,56186,米軍基地・国際・横田・個性,スパ・サウナ・ウェルネス施設,spa-sauna-wellness,/stories/spa-sauna-wellness/fussa/,C,薄め/様子見,1-2,
578,福生市,fussa,市,56186,米軍基地・国際・横田・個性,高級サロン・プライベートサロン,premium-salon,/stories/premium-salon/fussa/,C,薄め/様子見,1-2,
579,福生市,fussa,市,56186,米軍基地・国際・横田・個性,コワーキング・シェアオフィス,coworking,/stories/coworking/fussa/,C,薄め/様子見,1-2,
580,福生市,fussa,市,56186,米軍基地・国際・横田・個性,会員制ラウンジ・クラブ,members-lounge,/stories/members-lounge/fussa/,B,標準,2-3,
581,福生市,fussa,市,56186,米軍基地・国際・横田・個性,山・自然体験・グランピング,nature-glamping,/stories/nature-glamping/fussa/,D,都心は対象外/親統合,0,
582,福生市,fussa,市,56186,米軍基地・国際・横田・個性,リトリート・禅体験,retreat-zen,/stories/retreat-zen/fussa/,C,薄め/様子見,1-2,
583,福生市,fussa,市,56186,米軍基地・国際・横田・個性,神社・寺院・パワースポット,shrine-temple,/stories/shrine-temple/fussa/,C,薄め/様子見,1-2,
584,福生市,fussa,市,56186,米軍基地・国際・横田・個性,インバウンド観光・体験施設,inbound-experience,/stories/inbound-experience/fussa/,B,標準,2-3,
585,福生市,fussa,市,56186,米軍基地・国際・横田・個性,文化・スポーツ・レジャー施設,culture-sports-leisure,/stories/culture-sports-leisure/fussa/,C,薄め/様子見,1-2,
586,狛江市,komae,市,83666,住宅・川・閑静,高級ホテル・ホテルラウンジ,hotel-lounge,/stories/hotel-lounge/komae/,C,薄め/様子見,1-2,
587,狛江市,komae,市,83666,住宅・川・閑静,温泉旅館・高級旅館,onsen-ryokan,/stories/onsen-ryokan/komae/,D,原則対象外/親統合,0,
588,狛江市,komae,市,83666,住宅・川・閑静,貸切ヴィラ・一棟貸しの宿,villa-rental,/stories/villa-rental/komae/,D,原則対象外/親統合,0,
589,狛江市,komae,市,83666,住宅・川・閑静,レストラン・ダイニング,restaurant-dining,/stories/restaurant-dining/komae/,C,薄め/様子見,1-2,
590,狛江市,komae,市,83666,住宅・川・閑静,カフェ・スペシャルティコーヒー,cafe-specialty-coffee,/stories/cafe-specialty-coffee/komae/,B,標準,2-3,
591,狛江市,komae,市,83666,住宅・川・閑静,バー・ウイスキー・カクテル,bar-whiskey,/stories/bar-whiskey/komae/,C,薄め/様子見,1-2,
592,狛江市,komae,市,83666,住宅・川・閑静,スパ・サウナ・ウェルネス施設,spa-sauna-wellness,/stories/spa-sauna-wellness/komae/,B,標準,2-3,
593,狛江市,komae,市,83666,住宅・川・閑静,高級サロン・プライベートサロン,premium-salon,/stories/premium-salon/komae/,B,標準,2-3,
594,狛江市,komae,市,83666,住宅・川・閑静,コワーキング・シェアオフィス,coworking,/stories/coworking/komae/,C,薄め/様子見,1-2,
595,狛江市,komae,市,83666,住宅・川・閑静,会員制ラウンジ・クラブ,members-lounge,/stories/members-lounge/komae/,C,薄め/様子見,1-2,
596,狛江市,komae,市,83666,住宅・川・閑静,山・自然体験・グランピング,nature-glamping,/stories/nature-glamping/komae/,C,限定的,1-2,
597,狛江市,komae,市,83666,住宅・川・閑静,リトリート・禅体験,retreat-zen,/stories/retreat-zen/komae/,B,標準,2-3,
598,狛江市,komae,市,83666,住宅・川・閑静,神社・寺院・パワースポット,shrine-temple,/stories/shrine-temple/komae/,C,薄め/様子見,1-2,
599,狛江市,komae,市,83666,住宅・川・閑静,インバウンド観光・体験施設,inbound-experience,/stories/inbound-experience/komae/,C,薄め/様子見,1-2,
600,狛江市,komae,市,83666,住宅・川・閑静,文化・スポーツ・レジャー施設,culture-sports-leisure,/stories/culture-sports-leisure/komae/,C,薄め/様子見,1-2,
601,東大和市,higashiyamato,市,83496,住宅・湖・ファミリー,高級ホテル・ホテルラウンジ,hotel-lounge,/stories/hotel-lounge/higashiyamato/,C,薄め/様子見,1-2,
602,東大和市,higashiyamato,市,83496,住宅・湖・ファミリー,温泉旅館・高級旅館,onsen-ryokan,/stories/onsen-ryokan/higashiyamato/,D,原則対象外/親統合,0,
603,東大和市,higashiyamato,市,83496,住宅・湖・ファミリー,貸切ヴィラ・一棟貸しの宿,villa-rental,/stories/villa-rental/higashiyamato/,D,原則対象外/親統合,0,
604,東大和市,higashiyamato,市,83496,住宅・湖・ファミリー,レストラン・ダイニング,restaurant-dining,/stories/restaurant-dining/higashiyamato/,C,薄め/様子見,1-2,
605,東大和市,higashiyamato,市,83496,住宅・湖・ファミリー,カフェ・スペシャルティコーヒー,cafe-specialty-coffee,/stories/cafe-specialty-coffee/higashiyamato/,B,標準,2-3,
606,東大和市,higashiyamato,市,83496,住宅・湖・ファミリー,バー・ウイスキー・カクテル,bar-whiskey,/stories/bar-whiskey/higashiyamato/,C,薄め/様子見,1-2,
607,東大和市,higashiyamato,市,83496,住宅・湖・ファミリー,スパ・サウナ・ウェルネス施設,spa-sauna-wellness,/stories/spa-sauna-wellness/higashiyamato/,B,標準,2-3,
608,東大和市,higashiyamato,市,83496,住宅・湖・ファミリー,高級サロン・プライベートサロン,premium-salon,/stories/premium-salon/higashiyamato/,B,標準,2-3,
609,東大和市,higashiyamato,市,83496,住宅・湖・ファミリー,コワーキング・シェアオフィス,coworking,/stories/coworking/higashiyamato/,C,薄め/様子見,1-2,
610,東大和市,higashiyamato,市,83496,住宅・湖・ファミリー,会員制ラウンジ・クラブ,members-lounge,/stories/members-lounge/higashiyamato/,C,薄め/様子見,1-2,
611,東大和市,higashiyamato,市,83496,住宅・湖・ファミリー,山・自然体験・グランピング,nature-glamping,/stories/nature-glamping/higashiyamato/,C,限定的,1-2,
612,東大和市,higashiyamato,市,83496,住宅・湖・ファミリー,リトリート・禅体験,retreat-zen,/stories/retreat-zen/higashiyamato/,C,薄め/様子見,1-2,
613,東大和市,higashiyamato,市,83496,住宅・湖・ファミリー,神社・寺院・パワースポット,shrine-temple,/stories/shrine-temple/higashiyamato/,C,薄め/様子見,1-2,
614,東大和市,higashiyamato,市,83496,住宅・湖・ファミリー,インバウンド観光・体験施設,inbound-experience,/stories/inbound-experience/higashiyamato/,C,薄め/様子見,1-2,
615,東大和市,higashiyamato,市,83496,住宅・湖・ファミリー,文化・スポーツ・レジャー施設,culture-sports-leisure,/stories/culture-sports-leisure/higashiyamato/,B,標準,2-3,
616,清瀬市,kiyose,市,76996,住宅・自然・閑静,高級ホテル・ホテルラウンジ,hotel-lounge,/stories/hotel-lounge/kiyose/,C,薄め/様子見,1-2,
617,清瀬市,kiyose,市,76996,住宅・自然・閑静,温泉旅館・高級旅館,onsen-ryokan,/stories/onsen-ryokan/kiyose/,C,限定的/要確認,1-2,
618,清瀬市,kiyose,市,76996,住宅・自然・閑静,貸切ヴィラ・一棟貸しの宿,villa-rental,/stories/villa-rental/kiyose/,C,限定的/要確認,1-2,
619,清瀬市,kiyose,市,76996,住宅・自然・閑静,レストラン・ダイニング,restaurant-dining,/stories/restaurant-dining/kiyose/,C,薄め/様子見,1-2,
620,清瀬市,kiyose,市,76996,住宅・自然・閑静,カフェ・スペシャルティコーヒー,cafe-specialty-coffee,/stories/cafe-specialty-coffee/kiyose/,B,標準,2-3,
621,清瀬市,kiyose,市,76996,住宅・自然・閑静,バー・ウイスキー・カクテル,bar-whiskey,/stories/bar-whiskey/kiyose/,C,薄め/様子見,1-2,
622,清瀬市,kiyose,市,76996,住宅・自然・閑静,スパ・サウナ・ウェルネス施設,spa-sauna-wellness,/stories/spa-sauna-wellness/kiyose/,B,標準,2-3,
623,清瀬市,kiyose,市,76996,住宅・自然・閑静,高級サロン・プライベートサロン,premium-salon,/stories/premium-salon/kiyose/,B,標準,2-3,
624,清瀬市,kiyose,市,76996,住宅・自然・閑静,コワーキング・シェアオフィス,coworking,/stories/coworking/kiyose/,C,薄め/様子見,1-2,
625,清瀬市,kiyose,市,76996,住宅・自然・閑静,会員制ラウンジ・クラブ,members-lounge,/stories/members-lounge/kiyose/,C,薄め/様子見,1-2,
626,清瀬市,kiyose,市,76996,住宅・自然・閑静,山・自然体験・グランピング,nature-glamping,/stories/nature-glamping/kiyose/,C,限定的,1-2,
627,清瀬市,kiyose,市,76996,住宅・自然・閑静,リトリート・禅体験,retreat-zen,/stories/retreat-zen/kiyose/,A,主力・最優先,3-5,
628,清瀬市,kiyose,市,76996,住宅・自然・閑静,神社・寺院・パワースポット,shrine-temple,/stories/shrine-temple/kiyose/,C,薄め/様子見,1-2,
629,清瀬市,kiyose,市,76996,住宅・自然・閑静,インバウンド観光・体験施設,inbound-experience,/stories/inbound-experience/kiyose/,C,薄め/様子見,1-2,
630,清瀬市,kiyose,市,76996,住宅・自然・閑静,文化・スポーツ・レジャー施設,culture-sports-leisure,/stories/culture-sports-leisure/kiyose/,C,薄め/様子見,1-2,
631,東久留米市,higashikurume,市,114659,住宅・湧水・閑静,高級ホテル・ホテルラウンジ,hotel-lounge,/stories/hotel-lounge/higashikurume/,C,薄め/様子見,1-2,
632,東久留米市,higashikurume,市,114659,住宅・湧水・閑静,温泉旅館・高級旅館,onsen-ryokan,/stories/onsen-ryokan/higashikurume/,D,原則対象外/親統合,0,
633,東久留米市,higashikurume,市,114659,住宅・湧水・閑静,貸切ヴィラ・一棟貸しの宿,villa-rental,/stories/villa-rental/higashikurume/,D,原則対象外/親統合,0,
634,東久留米市,higashikurume,市,114659,住宅・湧水・閑静,レストラン・ダイニング,restaurant-dining,/stories/restaurant-dining/higashikurume/,C,薄め/様子見,1-2,
635,東久留米市,higashikurume,市,114659,住宅・湧水・閑静,カフェ・スペシャルティコーヒー,cafe-specialty-coffee,/stories/cafe-specialty-coffee/higashikurume/,B,標準,2-3,
636,東久留米市,higashikurume,市,114659,住宅・湧水・閑静,バー・ウイスキー・カクテル,bar-whiskey,/stories/bar-whiskey/higashikurume/,C,薄め/様子見,1-2,
637,東久留米市,higashikurume,市,114659,住宅・湧水・閑静,スパ・サウナ・ウェルネス施設,spa-sauna-wellness,/stories/spa-sauna-wellness/higashikurume/,B,標準,2-3,
638,東久留米市,higashikurume,市,114659,住宅・湧水・閑静,高級サロン・プライベートサロン,premium-salon,/stories/premium-salon/higashikurume/,B,標準,2-3,
639,東久留米市,higashikurume,市,114659,住宅・湧水・閑静,コワーキング・シェアオフィス,coworking,/stories/coworking/higashikurume/,C,薄め/様子見,1-2,
640,東久留米市,higashikurume,市,114659,住宅・湧水・閑静,会員制ラウンジ・クラブ,members-lounge,/stories/members-lounge/higashikurume/,C,薄め/様子見,1-2,
641,東久留米市,higashikurume,市,114659,住宅・湧水・閑静,山・自然体験・グランピング,nature-glamping,/stories/nature-glamping/higashikurume/,D,都心は対象外/親統合,0,
642,東久留米市,higashikurume,市,114659,住宅・湧水・閑静,リトリート・禅体験,retreat-zen,/stories/retreat-zen/higashikurume/,B,標準,2-3,
643,東久留米市,higashikurume,市,114659,住宅・湧水・閑静,神社・寺院・パワースポット,shrine-temple,/stories/shrine-temple/higashikurume/,C,薄め/様子見,1-2,
644,東久留米市,higashikurume,市,114659,住宅・湧水・閑静,インバウンド観光・体験施設,inbound-experience,/stories/inbound-experience/higashikurume/,C,薄め/様子見,1-2,
645,東久留米市,higashikurume,市,114659,住宅・湧水・閑静,文化・スポーツ・レジャー施設,culture-sports-leisure,/stories/culture-sports-leisure/higashikurume/,C,薄め/様子見,1-2,
646,武蔵村山市,musashimurayama,市,69275,住宅・自然・ファミリー,高級ホテル・ホテルラウンジ,hotel-lounge,/stories/hotel-lounge/musashimurayama/,C,薄め/様子見,1-2,
647,武蔵村山市,musashimurayama,市,69275,住宅・自然・ファミリー,温泉旅館・高級旅館,onsen-ryokan,/stories/onsen-ryokan/musashimurayama/,C,限定的/要確認,1-2,
648,武蔵村山市,musashimurayama,市,69275,住宅・自然・ファミリー,貸切ヴィラ・一棟貸しの宿,villa-rental,/stories/villa-rental/musashimurayama/,C,限定的/要確認,1-2,
649,武蔵村山市,musashimurayama,市,69275,住宅・自然・ファミリー,レストラン・ダイニング,restaurant-dining,/stories/restaurant-dining/musashimurayama/,C,薄め/様子見,1-2,
650,武蔵村山市,musashimurayama,市,69275,住宅・自然・ファミリー,カフェ・スペシャルティコーヒー,cafe-specialty-coffee,/stories/cafe-specialty-coffee/musashimurayama/,B,標準,2-3,
651,武蔵村山市,musashimurayama,市,69275,住宅・自然・ファミリー,バー・ウイスキー・カクテル,bar-whiskey,/stories/bar-whiskey/musashimurayama/,C,薄め/様子見,1-2,
652,武蔵村山市,musashimurayama,市,69275,住宅・自然・ファミリー,スパ・サウナ・ウェルネス施設,spa-sauna-wellness,/stories/spa-sauna-wellness/musashimurayama/,B,標準,2-3,
653,武蔵村山市,musashimurayama,市,69275,住宅・自然・ファミリー,高級サロン・プライベートサロン,premium-salon,/stories/premium-salon/musashimurayama/,B,標準,2-3,
654,武蔵村山市,musashimurayama,市,69275,住宅・自然・ファミリー,コワーキング・シェアオフィス,coworking,/stories/coworking/musashimurayama/,C,薄め/様子見,1-2,
655,武蔵村山市,musashimurayama,市,69275,住宅・自然・ファミリー,会員制ラウンジ・クラブ,members-lounge,/stories/members-lounge/musashimurayama/,C,薄め/様子見,1-2,
656,武蔵村山市,musashimurayama,市,69275,住宅・自然・ファミリー,山・自然体験・グランピング,nature-glamping,/stories/nature-glamping/musashimurayama/,C,限定的,1-2,
657,武蔵村山市,musashimurayama,市,69275,住宅・自然・ファミリー,リトリート・禅体験,retreat-zen,/stories/retreat-zen/musashimurayama/,B,標準,2-3,
658,武蔵村山市,musashimurayama,市,69275,住宅・自然・ファミリー,神社・寺院・パワースポット,shrine-temple,/stories/shrine-temple/musashimurayama/,C,薄め/様子見,1-2,
659,武蔵村山市,musashimurayama,市,69275,住宅・自然・ファミリー,インバウンド観光・体験施設,inbound-experience,/stories/inbound-experience/musashimurayama/,C,薄め/様子見,1-2,
660,武蔵村山市,musashimurayama,市,69275,住宅・自然・ファミリー,文化・スポーツ・レジャー施設,culture-sports-leisure,/stories/culture-sports-leisure/musashimurayama/,B,標準,2-3,
661,多摩市,tama,市,146720,ニュータウン・住宅・商業,高級ホテル・ホテルラウンジ,hotel-lounge,/stories/hotel-lounge/tama/,C,薄め/様子見,1-2,
662,多摩市,tama,市,146720,ニュータウン・住宅・商業,温泉旅館・高級旅館,onsen-ryokan,/stories/onsen-ryokan/tama/,D,原則対象外/親統合,0,
663,多摩市,tama,市,146720,ニュータウン・住宅・商業,貸切ヴィラ・一棟貸しの宿,villa-rental,/stories/villa-rental/tama/,D,原則対象外/親統合,0,
664,多摩市,tama,市,146720,ニュータウン・住宅・商業,レストラン・ダイニング,restaurant-dining,/stories/restaurant-dining/tama/,B,標準,2-3,
665,多摩市,tama,市,146720,ニュータウン・住宅・商業,カフェ・スペシャルティコーヒー,cafe-specialty-coffee,/stories/cafe-specialty-coffee/tama/,B,標準,2-3,
666,多摩市,tama,市,146720,ニュータウン・住宅・商業,バー・ウイスキー・カクテル,bar-whiskey,/stories/bar-whiskey/tama/,C,薄め/様子見,1-2,
667,多摩市,tama,市,146720,ニュータウン・住宅・商業,スパ・サウナ・ウェルネス施設,spa-sauna-wellness,/stories/spa-sauna-wellness/tama/,B,標準,2-3,
668,多摩市,tama,市,146720,ニュータウン・住宅・商業,高級サロン・プライベートサロン,premium-salon,/stories/premium-salon/tama/,B,標準,2-3,
669,多摩市,tama,市,146720,ニュータウン・住宅・商業,コワーキング・シェアオフィス,coworking,/stories/coworking/tama/,C,薄め/様子見,1-2,
670,多摩市,tama,市,146720,ニュータウン・住宅・商業,会員制ラウンジ・クラブ,members-lounge,/stories/members-lounge/tama/,C,薄め/様子見,1-2,
671,多摩市,tama,市,146720,ニュータウン・住宅・商業,山・自然体験・グランピング,nature-glamping,/stories/nature-glamping/tama/,D,都心は対象外/親統合,0,
672,多摩市,tama,市,146720,ニュータウン・住宅・商業,リトリート・禅体験,retreat-zen,/stories/retreat-zen/tama/,C,薄め/様子見,1-2,
673,多摩市,tama,市,146720,ニュータウン・住宅・商業,神社・寺院・パワースポット,shrine-temple,/stories/shrine-temple/tama/,C,薄め/様子見,1-2,
674,多摩市,tama,市,146720,ニュータウン・住宅・商業,インバウンド観光・体験施設,inbound-experience,/stories/inbound-experience/tama/,C,薄め/様子見,1-2,
675,多摩市,tama,市,146720,ニュータウン・住宅・商業,文化・スポーツ・レジャー施設,culture-sports-leisure,/stories/culture-sports-leisure/tama/,B,標準,2-3,
676,稲城市,inagi,市,95520,住宅・自然・梨・ファミリー,高級ホテル・ホテルラウンジ,hotel-lounge,/stories/hotel-lounge/inagi/,C,薄め/様子見,1-2,
677,稲城市,inagi,市,95520,住宅・自然・梨・ファミリー,温泉旅館・高級旅館,onsen-ryokan,/stories/onsen-ryokan/inagi/,C,限定的/要確認,1-2,
678,稲城市,inagi,市,95520,住宅・自然・梨・ファミリー,貸切ヴィラ・一棟貸しの宿,villa-rental,/stories/villa-rental/inagi/,C,限定的/要確認,1-2,
679,稲城市,inagi,市,95520,住宅・自然・梨・ファミリー,レストラン・ダイニング,restaurant-dining,/stories/restaurant-dining/inagi/,C,薄め/様子見,1-2,
680,稲城市,inagi,市,95520,住宅・自然・梨・ファミリー,カフェ・スペシャルティコーヒー,cafe-specialty-coffee,/stories/cafe-specialty-coffee/inagi/,B,標準,2-3,
681,稲城市,inagi,市,95520,住宅・自然・梨・ファミリー,バー・ウイスキー・カクテル,bar-whiskey,/stories/bar-whiskey/inagi/,C,薄め/様子見,1-2,
682,稲城市,inagi,市,95520,住宅・自然・梨・ファミリー,スパ・サウナ・ウェルネス施設,spa-sauna-wellness,/stories/spa-sauna-wellness/inagi/,B,標準,2-3,
683,稲城市,inagi,市,95520,住宅・自然・梨・ファミリー,高級サロン・プライベートサロン,premium-salon,/stories/premium-salon/inagi/,B,標準,2-3,
684,稲城市,inagi,市,95520,住宅・自然・梨・ファミリー,コワーキング・シェアオフィス,coworking,/stories/coworking/inagi/,C,薄め/様子見,1-2,
685,稲城市,inagi,市,95520,住宅・自然・梨・ファミリー,会員制ラウンジ・クラブ,members-lounge,/stories/members-lounge/inagi/,C,薄め/様子見,1-2,
686,稲城市,inagi,市,95520,住宅・自然・梨・ファミリー,山・自然体験・グランピング,nature-glamping,/stories/nature-glamping/inagi/,C,限定的,1-2,
687,稲城市,inagi,市,95520,住宅・自然・梨・ファミリー,リトリート・禅体験,retreat-zen,/stories/retreat-zen/inagi/,B,標準,2-3,
688,稲城市,inagi,市,95520,住宅・自然・梨・ファミリー,神社・寺院・パワースポット,shrine-temple,/stories/shrine-temple/inagi/,C,薄め/様子見,1-2,
689,稲城市,inagi,市,95520,住宅・自然・梨・ファミリー,インバウンド観光・体験施設,inbound-experience,/stories/inbound-experience/inagi/,C,薄め/様子見,1-2,
690,稲城市,inagi,市,95520,住宅・自然・梨・ファミリー,文化・スポーツ・レジャー施設,culture-sports-leisure,/stories/culture-sports-leisure/inagi/,B,標準,2-3,
691,羽村市,hamura,市,53520,住宅・川・自然,高級ホテル・ホテルラウンジ,hotel-lounge,/stories/hotel-lounge/hamura/,C,薄め/様子見,1-2,
692,羽村市,hamura,市,53520,住宅・川・自然,温泉旅館・高級旅館,onsen-ryokan,/stories/onsen-ryokan/hamura/,C,限定的/要確認,1-2,
693,羽村市,hamura,市,53520,住宅・川・自然,貸切ヴィラ・一棟貸しの宿,villa-rental,/stories/villa-rental/hamura/,C,限定的/要確認,1-2,
694,羽村市,hamura,市,53520,住宅・川・自然,レストラン・ダイニング,restaurant-dining,/stories/restaurant-dining/hamura/,C,薄め/様子見,1-2,
695,羽村市,hamura,市,53520,住宅・川・自然,カフェ・スペシャルティコーヒー,cafe-specialty-coffee,/stories/cafe-specialty-coffee/hamura/,B,標準,2-3,
696,羽村市,hamura,市,53520,住宅・川・自然,バー・ウイスキー・カクテル,bar-whiskey,/stories/bar-whiskey/hamura/,C,薄め/様子見,1-2,
697,羽村市,hamura,市,53520,住宅・川・自然,スパ・サウナ・ウェルネス施設,spa-sauna-wellness,/stories/spa-sauna-wellness/hamura/,B,標準,2-3,
698,羽村市,hamura,市,53520,住宅・川・自然,高級サロン・プライベートサロン,premium-salon,/stories/premium-salon/hamura/,B,標準,2-3,
699,羽村市,hamura,市,53520,住宅・川・自然,コワーキング・シェアオフィス,coworking,/stories/coworking/hamura/,C,薄め/様子見,1-2,
700,羽村市,hamura,市,53520,住宅・川・自然,会員制ラウンジ・クラブ,members-lounge,/stories/members-lounge/hamura/,C,薄め/様子見,1-2,
701,羽村市,hamura,市,53520,住宅・川・自然,山・自然体験・グランピング,nature-glamping,/stories/nature-glamping/hamura/,B,郊外で成立余地,2-3,
702,羽村市,hamura,市,53520,住宅・川・自然,リトリート・禅体験,retreat-zen,/stories/retreat-zen/hamura/,B,標準,2-3,
703,羽村市,hamura,市,53520,住宅・川・自然,神社・寺院・パワースポット,shrine-temple,/stories/shrine-temple/hamura/,C,薄め/様子見,1-2,
704,羽村市,hamura,市,53520,住宅・川・自然,インバウンド観光・体験施設,inbound-experience,/stories/inbound-experience/hamura/,C,薄め/様子見,1-2,
705,羽村市,hamura,市,53520,住宅・川・自然,文化・スポーツ・レジャー施設,culture-sports-leisure,/stories/culture-sports-leisure/hamura/,C,薄め/様子見,1-2,
